Month,Year,Page,Views
September,2022,Welcome! - Dot.alert(),76
September,2022,Monthly quizzes - Dot.alert(),64
September,2022,1.Acquisition - Dot.alert(),21
September,2022,Our mission - Dot.alert(),19
September,2022,Our platform - Dot.alert(),19
September,2022,4.Social support - Dot.alert(),14
September,2022,2.Storage - Dot.alert(),12
September,2022,Our contributors - Dot.alert(),9
September,2022,3.Operations - Dot.alert(),7
September,2022,5.Regulations - Dot.alert(),6
September,2022,Address formats - Dot.alert(),6
September,2022,Existential deposits - Dot.alert(),6
September,2022,JSON backups - Dot.alert(),6
September,2022,Seed/Secret phrases - Dot.alert(),6
September,2022,Jobs - Dot.alert(),4
September,2022,Docs - Dot.alert(),3
September,2022,Open Source license - Dot.alert(),3
September,2022,Our supporters - Dot.alert(),3
September,2022,Transaction explorers - Dot.alert(),3
September,2022,Bidding - Dot.alert(),2
September,2022,Cookie policy - Dot.alert(),2
September,2022,Parachain slot lease - Dot.alert(),2
September,2022,Social channels - Dot.alert(),2
September,2022,Kappa Sigma Mu (KÎ£M) membership - Dot.alert(),1
October,2022,Jobs - Dot.alert(),118
October,2022,Welcome! - Dot.alert(),98
October,2022,Monthly quizzes - Dot.alert(),34
October,2022,1.Acquisition - Dot.alert(),26
October,2022,Our mission - Dot.alert(),26
October,2022,Our platform - Dot.alert(),24
October,2022,2.Storage - Dot.alert(),21
October,2022,Infrastructure - Dot.alert(),21
October,2022,Existential deposits - Dot.alert(),18
October,2022,4.Social support - Dot.alert(),17
October,2022,Our contributors - Dot.alert(),15
October,2022,Social channels - Dot.alert(),13
October,2022,5.Regulations - Dot.alert(),11
October,2022,Browser extensions - Dot.alert(),10
October,2022,GitHub - Dot.alert(),10
October,2022,Our team members - Dot.alert(),10
October,2022,Seed/Secret phrases - Dot.alert(),9
October,2022,3.Operations - Dot.alert(),8
October,2022,Address formats - Dot.alert(),8
October,2022,Bidding - Dot.alert(),8
October,2022,Cookie policy - Dot.alert(),8
October,2022,Direct democracy - Dot.alert(),8
October,2022,Transaction explorers - Dot.alert(),7
October,2022,Docs - Dot.alert(),6
October,2022,JSON backups - Dot.alert(),6
October,2022,Networks - Dot.alert(),6
October,2022,Kappa Sigma Mu (KÎ£M) membership - Dot.alert(),5
October,2022,Democracy delegation - Dot.alert(),3
October,2022,Our supporters - Dot.alert(),3
October,2022,Parachain slot lease - Dot.alert(),3
October,2022,Open Source license - Dot.alert(),2
October,2022,Voting - Dot.alert(),2
November,2022,Welcome! - Dot.alert(),154
November,2022,Jobs - Dot.alert(),44
November,2022,3.Operations - Dot.alert(),34
November,2022,1.Acquisition - Dot.alert(),33
November,2022,Social channels - Dot.alert(),30
November,2022,2.Storage - Dot.alert(),29
November,2022,Crowdloans - Dot.alert(),25
November,2022,Monthly quizzes - Dot.alert(),24
November,2022,Our contributors - Dot.alert(),22
November,2022,Our mission - Dot.alert(),21
November,2022,Our platform - Dot.alert(),21
November,2022,Our team members - Dot.alert(),20
November,2022,Crowdfunding - Dot.alert(),19
November,2022,Participation - Dot.alert(),18
November,2022,Treasury spends - Dot.alert(),18
November,2022,4.Social support - Dot.alert(),17
November,2022,Democracy delegation - Dot.alert(),17
November,2022,5.Regulations - Dot.alert(),16
November,2022,Existential deposits - Dot.alert(),16
November,2022,Voting - Dot.alert(),16
November,2022,Mobile wallets - Dot.alert(),15
November,2022,Direct democracy - Dot.alert(),14
November,2022,Infrastructure - Dot.alert(),13
November,2022,Bidding - Dot.alert(),12
November,2022,Address formats - Dot.alert(),11
November,2022,Docs - Dot.alert(),11
November,2022,Kappa Sigma Mu (KÎ£M) membership - Dot.alert(),10
November,2022,Networks - Dot.alert(),10
November,2022,GitHub - Dot.alert(),9
November,2022,Parachain slot lease - Dot.alert(),9
November,2022,Transaction explorers - Dot.alert(),9
November,2022,Seed/Secret phrases - Dot.alert(),6
November,2022,Browser extensions - Dot.alert(),5
November,2022,User surveys - Dot.alert(),5
November,2022,Cookie policy - Dot.alert(),4
November,2022,JSON backups - Dot.alert(),3
November,2022,Open Source license - Dot.alert(),2
November,2022,Untitled - Dot.alert(),2
December,2022,Welcome! - Dot.alert(),45
December,2022,Privacy - Dot.alert(),18
December,2022,Wallets - Dot.alert(),18
December,2022,1.Acquisition - Dot.alert(),16
December,2022,Jobs - Dot.alert(),15
December,2022,5.Regulations - Dot.alert(),14
December,2022,Nominating - Dot.alert(),11
December,2022,Crowdfunding - Dot.alert(),10
December,2022,2.Storage - Dot.alert(),9
December,2022,3.Operations - Dot.alert(),8
December,2022,Our mission - Dot.alert(),8
December,2022,4.Social support - Dot.alert(),7
December,2022,Existential deposits - Dot.alert(),7
December,2022,Networks - Dot.alert(),7
December,2022,Our contributors - Dot.alert(),7
December,2022,Social channels - Dot.alert(),7
December,2022,Mobile wallets - Dot.alert(),6
December,2022,Our platform - Dot.alert(),6
December,2022,Treasury spends - Dot.alert(),6
December,2022,Address formats - Dot.alert(),5
December,2022,Our team members - Dot.alert(),5
December,2022,Seed/Secret phrases - Dot.alert(),5
December,2022,Staking - Dot.alert(),5
December,2022,Explorers - Dot.alert(),4
December,2022,Misc - Dot.alert(),4
December,2022,Transaction explorers - Dot.alert(),4
December,2022,Voting - Dot.alert(),4
December,2022,Bidding - Dot.alert(),3
December,2022,Crowdloans - Dot.alert(),3
December,2022,Direct democracy - Dot.alert(),3
December,2022,Docs - Dot.alert(),3
December,2022,Governance - Dot.alert(),3
December,2022,Kappa Sigma Mu (KÎ£M) membership - Dot.alert(),3
December,2022,Monthly quizzes - Dot.alert(),3
December,2022,Parachain slot lease - Dot.alert(),3
December,2022,Browser extensions - Dot.alert(),2
December,2022,Cookie policy - Dot.alert(),2
December,2022,Democracy delegation - Dot.alert(),2
December,2022,Infrastructure - Dot.alert(),2
December,2022,JSON backups - Dot.alert(),2
December,2022,Open Source license - Dot.alert(),2
December,2022,Participation - Dot.alert(),2
December,2022,GitHub - Dot.alert(),1
December,2022,Page not found - Dot.alert(),1
December,2022,User surveys - Dot.alert(),1