"Tweet id","Tweet permalink","Tweet text","time","impressions","engagements","engagement rate","retweets","replies","likes","user profile clicks","url clicks","hashtag clicks","detail expands","permalink clicks","app opens","app installs","follows","email tweet","dial phone","media views","media engagements","promoted impressions","promoted engagements","promoted engagement rate","promoted retweets","promoted replies","promoted likes","promoted user profile clicks","promoted url clicks","promoted hashtag clicks","promoted detail expands","promoted permalink clicks","promoted app opens","promoted app installs","promoted follows","promoted email tweet","promoted dial phone","promoted media views","promoted media engagements"
"1575769809442045953","https://twitter.com/dot_alert/status/1575769809442045953","Whenever you are facing â€¼ issues with your @polkadot and @kusamanetwork operations, ðŸ“Œremember to have a look at the ðŸ–¥ official support page first. 
 ðŸ“‘https://t.co/JHyBIiSgHD

#Polkadot #Kusama #Dotsama #Web3 https://t.co/4uQS1w0gHM","2022-09-30 08:49 +0000","28.0","2.0","0.07142857142857142","0.0","0.0","0.0","0.0","1.0","0.0","0.0","0.0","0","0","0","0","0","1","1","-","-","-","-","-","-","-","-","-","-","-","-","-","-","-","-","-","-"
"1575440609392746497","https://twitter.com/dot_alert/status/1575440609392746497","So far, on our monthly quiz...ðŸ§
ðŸ˜¬Lowest score: 30%
ðŸ˜ŽHighest score: 100%
ðŸ˜Average score: 76.7%

â³36 hours are left to qualify for ourðŸŽŸdraw and get the chance toðŸ†win one of our DOT cash prizes.
âœhttps://t.co/9rAwldCSZa

#Polkadot #Kusama #Dotsama #Web3 https://t.co/94ToD4AE39","2022-09-29 11:01 +0000","64.0","5.0","0.078125","1.0","0.0","1.0","2.0","1.0","0.0","0.0","0.0","0","0","0","0","0","0","0","-","-","-","-","-","-","-","-","-","-","-","-","-","-","-","-","-","-"
"1574907549031071744","https://twitter.com/dot_alert/status/1574907549031071744","The mantra ofðŸ•¸decentralised networks and crypto communities is:ðŸ”""DYOR"".
But how do you go about itðŸ›¡safely, without relying on a ðŸ›°single source of information?
Dot.alert() provides some helpfulâœðŸ¿pointers: https://t.co/Gy15VdfDuy

#Polkadot #Kusama #Dotsama #Web3 https://t.co/WqEfvX30VN","2022-09-27 23:43 +0000","42.0","5.0","0.11904761904761904","0.0","1.0","2.0","0.0","1.0","1.0","0.0","0.0","0","0","0","0","0","0","0","-","-","-","-","-","-","-","-","-","-","-","-","-","-","-","-","-","-"
"1574583099379183616","https://twitter.com/dot_alert/status/1574583099379183616","Our Treasury proposal has beenâœ…passed as Motion #263 on @Polkadot! ðŸ¥³
We will beðŸ“°publishing our open positions very soon. If you are keen to ðŸ¤ðŸ¼contribute to our platform and to the ecosystem at large,ðŸ‘€watch this space! 

#Polkadot #Kusama #Dotsama #Web3 https://t.co/9g1kxNy9sR","2022-09-27 02:13 +0000","116.0","6.0","0.05172413793103448","1.0","0.0","1.0","2.0","0.0","0.0","1.0","0.0","0","0","0","0","0","1","1","-","-","-","-","-","-","-","-","-","-","-","-","-","-","-","-","-","-"
"1574353521012486144","https://twitter.com/dot_alert/status/1574353521012486144","ðŸ“¢Our monthly quiz is LIVE!
Start: 26th September 2022 11:00 UTC
End: 30th September 2022 23:00 UTC
ðŸ‘‰ðŸ¿https://t.co/9rAwldCSZa

#Polkadot #Kusama #Dotsama #Web3 https://t.co/vOE99uKQQ3","2022-09-26 11:01 +0000","197.0","90.0","0.45685279187817257","2.0","1.0","6.0","12.0","33.0","0.0","36.0","0.0","0","0","0","0","0","0","0","-","-","-","-","-","-","-","-","-","-","-","-","-","-","-","-","-","-"
"1573865946367741952","https://twitter.com/dot_alert/status/1573865946367741952","dot.alert.update(): We explain how to useðŸ“•Docs to DYOR on ecosystem projects andðŸ‘¨ðŸ½â€âš–ï¸decide whether they areðŸ‘worth your time and attention. 
ðŸ“‘https://t.co/Gy15VdfDuy

#Polkadot #Kusama #Dotsama #Web3 https://t.co/FVtN0z87MM","2022-09-25 02:44 +0000","46.0","0.0","0.0","0.0","0.0","0.0","0.0","0.0","0.0","0.0","0.0","0","0","0","0","0","0","0","-","-","-","-","-","-","-","-","-","-","-","-","-","-","-","-","-","-"
"1573609339897622528","https://twitter.com/dot_alert/status/1573609339897622528","Our monthly quiz isðŸ¦µfast approaching.
Up for grab are ðŸ¥‡$30,ðŸ¥ˆ$20, andðŸ¥‰$10 DOT cash prizes. 
Keep an eye on ourðŸ“œtwitter feed! 

#Polkadot #Kusama #Dotsama #Web3 https://t.co/67xhPdO3cU","2022-09-24 09:44 +0000","45.0","1.0","0.022222222222222223","0.0","0.0","0.0","0.0","0.0","0.0","1.0","0.0","0","0","0","0","0","0","0","-","-","-","-","-","-","-","-","-","-","-","-","-","-","-","-","-","-"
"1573175925696495616","https://twitter.com/dot_alert/status/1573175925696495616","Dot.alert()'s Treasury proposal is up forðŸ—³vote as motion #263 on Polkadot: https://t.co/RVXAxyVLR8
Listen toðŸ‘¨ðŸ»â€âš–ï¸Councillor @nachortti give aðŸ“£rundown on Dot.alert() in a few words fromðŸ“Œ00:12:27 to 00:13:08ðŸ‘‡ðŸ¿. 

#Polkadot #Kusama #Dotsama https://t.co/p5A4h8qVSA","2022-09-23 05:02 +0000","57.0","5.0","0.08771929824561403","0.0","1.0","0.0","1.0","0.0","0.0","3.0","0.0","0","0","0","0","0","0","0","-","-","-","-","-","-","-","-","-","-","-","-","-","-","-","-","-","-"
"1572834441462165504","https://twitter.com/dot_alert/status/1572834441462165504","The DotSama ecosystem has anðŸ“°ever-growing list of participatingðŸ‘·ðŸ½â€â™€ï¸ðŸ‘¨ðŸ½â€ðŸ’»parachains, projects, and communities. @parachains's https://t.co/otuidtmXUw is one way of ðŸ“Œkeeping up with all this effervescence with minimalðŸ”searching-clicking effort. 

#Polkadot #Kusama #Dotsama https://t.co/9vVn8XGkzC","2022-09-22 06:25 +0000","94.0","6.0","0.06382978723404255","0.0","0.0","2.0","0.0","0.0","0.0","1.0","0.0","0","0","0","0","0","3","3","-","-","-","-","-","-","-","-","-","-","-","-","-","-","-","-","-","-"
"1572357030723334144","https://twitter.com/dot_alert/status/1572357030723334144","ðŸ”’Wallet security is the most critical ðŸ› development needed by everyday users to ðŸ›¤access and enjoy web3 services for the long haul.
ðŸ¤ðŸ¼Social recovery tools have become the next frontier of âœ…user-friendly wallet design in the DotSama ecosystem.

#Polkadot #Kusama #DotSama #Web3 https://t.co/Hvxio5zlM3","2022-09-20 22:48 +0000","73.0","6.0","0.0821917808219178","0.0","0.0","2.0","2.0","0.0","0.0","2.0","0.0","0","0","0","0","0","0","0","-","-","-","-","-","-","-","-","-","-","-","-","-","-","-","-","-","-"
"1572167292238311424","https://twitter.com/dot_alert/status/1572167292238311424","The native DAO of @kusamanetworkðŸ’°pays its members to become part of aðŸ¤—Human blockchain. 
Find out ðŸ‘€how to join the KÎ£M Society hereâœðŸ¿: https://t.co/i3YCZneXCe

#Polkadot #Kusama #DotSama #Web3 https://t.co/SbY3BO9stR","2022-09-20 10:14 +0000","55.0","3.0","0.05454545454545454","0.0","0.0","1.0","2.0","0.0","0.0","0.0","0.0","0","0","0","0","0","0","0","-","-","-","-","-","-","-","-","-","-","-","-","-","-","-","-","-","-"
"1571319078916345856","https://twitter.com/dot_alert/status/1571319078916345856","dot.alert.update(): We cover how individuals andðŸ¤ðŸ¼teams can make a safeðŸšªentry into the ecosystem through specificðŸ“¢bidding operations.
Read onðŸ§: https://t.co/7eo9UQgFuH

#Polkadot #Kusama #DotSama https://t.co/xcBZnfcFu6","2022-09-18 02:03 +0000","50.0","1.0","0.02","0.0","0.0","1.0","0.0","0.0","0.0","0.0","0.0","0","0","0","0","0","0","0","-","-","-","-","-","-","-","-","-","-","-","-","-","-","-","-","-","-"
"1570723446136672260","https://twitter.com/dot_alert/status/1570723446136672260","If you areðŸ‘€curious to know what we areðŸš§building and for which purpose, look into this ðŸ‘‡ðŸ¿. 

#Polkadot #Kusama #Dotsama https://t.co/2YBt91lfdQ","2022-09-16 10:37 +0000","55.0","1.0","0.01818181818181818","0.0","0.0","0.0","1.0","0.0","0.0","0.0","0.0","0","0","0","0","0","0","0","-","-","-","-","-","-","-","-","-","-","-","-","-","-","-","-","-","-"
"1570387453474926594","https://twitter.com/dot_alert/status/1570387453474926594","ðŸ”’Securing your DotSama assetsðŸŽ¬starts with a minimal understanding of theðŸ› technologies that underpin the platforms that you use.
Dot.alert() is creating aðŸ§ knowledgebase of everything you (will) need to know about managingâš¡risk in this ecosystem. 

#Polkadot #Kusama #Dotsama https://t.co/X5VBoaCurJ","2022-09-15 12:21 +0000","51.0","2.0","0.0392156862745098","0.0","0.0","1.0","0.0","0.0","0.0","1.0","0.0","0","0","0","0","0","0","0","-","-","-","-","-","-","-","-","-","-","-","-","-","-","-","-","-","-"
"1569836075388121088","https://twitter.com/dot_alert/status/1569836075388121088","Polkadot is a brand-new hub ofðŸ¦¾cutting-edge technologies,ðŸ¥½creative developments, and emerging 
ðŸ¤ðŸ¿communities. This all-round and ðŸ³holistic approach to web3 technologies is what makes the ecosystemðŸ“£stand out in the blockchain space. 

#Polkadot #Kusama #Dotsama #Web3 https://t.co/Lf9lGjY2ij","2022-09-13 23:51 +0000","76.0","1.0","0.013157894736842105","0.0","0.0","0.0","1.0","0.0","0.0","0.0","0.0","0","0","0","0","0","0","0","-","-","-","-","-","-","-","-","-","-","-","-","-","-","-","-","-","-"
"1569562221910577152","https://twitter.com/dot_alert/status/1569562221910577152","Switching fromðŸ‘©ðŸ¿â€ðŸ’»custodial wallets toðŸ‘non-custodial storage guarantees that yourðŸ’°DotSama assets are truly owned and will remainâœ…accessible by you. 
You can start DYOR with dot.alert(): ðŸ‘‰https://t.co/DUre4ivGWb

#Polkadot #Kusama #Dotsama #Web3 https://t.co/cqiLoGgTgP","2022-09-13 05:42 +0000","63.0","2.0","0.031746031746031744","0.0","0.0","1.0","0.0","1.0","0.0","0.0","0.0","0","0","0","0","0","0","0","-","-","-","-","-","-","-","-","-","-","-","-","-","-","-","-","-","-"
"1568775138358992897","https://twitter.com/dot_alert/status/1568775138358992897","dot.alert.update(): we areâœ‚dissecting JSON backups in our latestâœðŸ¿article: https://t.co/CyphBNqGqT

#Polkadot #Kusama #Dotsama #Web3 https://t.co/X2TU7YxNDX","2022-09-11 01:35 +0000","24.0","0.0","0.0","0.0","0.0","0.0","0.0","0.0","0.0","0.0","0.0","0","0","0","0","0","0","0","-","-","-","-","-","-","-","-","-","-","-","-","-","-","-","-","-","-"
"1568377957751881729","https://twitter.com/dot_alert/status/1568377957751881729","There will always beðŸ‘¹opportunists lurking in the DotSama ecosystem and posing aðŸ‘¾threat to established protocols and their users.
OurðŸŽ¯mission at Dot.alert() is to provide useful tips forðŸ”managing Dotsama assets safely.
ðŸ“‘https://t.co/DUre4ivGWb

#Polkadot  #Kusama  #Dotsama https://t.co/DFQoRkBMpE","2022-09-09 23:16 +0000","37.0","0.0","0.0","0.0","0.0","0.0","0.0","0.0","0.0","0.0","0.0","0","0","0","0","0","0","0","-","-","-","-","-","-","-","-","-","-","-","-","-","-","-","-","-","-"
"1567661685548392450","https://twitter.com/dot_alert/status/1567661685548392450","4. Storage duration: How long are you going toðŸ¤—hold onto your assets?
ðŸ”©Hardware wallets allow you toðŸ”’secure a variety of coins at the same time under aðŸ“Œsingle private key. 

Check ourðŸ“‘articles on DotSama assets storage: https://t.co/KwJXjfOpUy 

#Polkadot #Kusama #Dotsama https://t.co/XALPNJn09A","2022-09-07 23:50 +0000","52.0","0.0","0.0","0.0","0.0","0.0","0.0","0.0","0.0","0.0","0.0","0","0","0","0","0","0","0","-","-","-","-","-","-","-","-","-","-","-","-","-","-","-","-","-","-"
"1567473239299080193","https://twitter.com/dot_alert/status/1567473239299080193","@InvestPaulov @Polkadot You mean ""Nomination pools""? ðŸ‘€
They areðŸ’“live and thriving on @PolkadotJsPlus: 
ðŸ‘‰ðŸ¿ https://t.co/CvJLHzElnZ","2022-09-07 11:21 +0000","86.0","12.0","0.13953488372093023","1.0","1.0","3.0","5.0","1.0","0.0","1.0","0.0","0","0","0","0","0","0","0","-","-","-","-","-","-","-","-","-","-","-","-","-","-","-","-","-","-"
"1567269380400246785","https://twitter.com/dot_alert/status/1567269380400246785","3. Security features: HowðŸ’°valuable are your assets?
ðŸ“¡Air-gapped signers are standalone hardware wallets thatðŸ“´never connect to anything USB, Bluetooth, Wifi or Internet. This effectivelyðŸ¦ºinsulates them from hacks.

#Polkadot #Kusama #Dotsama https://t.co/956a1kRPwT","2022-09-06 21:51 +0000","47.0","2.0","0.0425531914893617","0.0","1.0","0.0","0.0","0.0","0.0","1.0","0.0","0","0","0","0","0","0","0","-","-","-","-","-","-","-","-","-","-","-","-","-","-","-","-","-","-"
"1567005103063969798","https://twitter.com/dot_alert/status/1567005103063969798","2. Integration: How many dapps are you going toðŸ‘©ðŸ¿â€ðŸ’»use with your assets? 
ðŸ“²Mobile wallets offer support for new protocolsâ³more promptly than browser extensions. 

#Polkadot #Kusama #Dotsama https://t.co/CAFbCVyDwu","2022-09-06 04:21 +0000","32.0","1.0","0.03125","0.0","1.0","0.0","0.0","0.0","0.0","0.0","0.0","0","0","0","0","0","0","0","-","-","-","-","-","-","-","-","-","-","-","-","-","-","-","-","-","-"
"1566770138367463425","https://twitter.com/dot_alert/status/1566770138367463425","Storing DotSamaðŸ‘œassets is not always a straight-forward experience.
Here are someðŸŽ¯points to consider before making up your mind:
1. Access: How often are you going toðŸ”transact with your assets? 
âœðŸ¿Hot wallets areðŸ˜£more exposed than cold wallets. 

#Polkadot #Kusama #Dotsama https://t.co/NhQF4cfjwG","2022-09-05 12:48 +0000","63.0","6.0","0.09523809523809523","0.0","1.0","0.0","1.0","0.0","0.0","4.0","0.0","0","0","0","0","0","0","0","-","-","-","-","-","-","-","-","-","-","-","-","-","-","-","-","-","-"
"1566656249998954497","https://twitter.com/dot_alert/status/1566656249998954497","Light clients are an essential piece of ðŸ› middleware for #web3 services. Within the Dotsama ecosystem, they will grow toðŸ“¶power a variety of dapps and wallet operations, so that users can finally bid goodbye to â€¼downtimes, outages, &amp; censorship.  

#Polkadot #Kusama #Dotsama https://t.co/DbmVJi4OYr","2022-09-05 05:15 +0000","150.0","5.0","0.03333333333333333","0.0","0.0","3.0","2.0","0.0","0.0","0.0","0.0","0","0","0","0","0","8","0","-","-","-","-","-","-","-","-","-","-","-","-","-","-","-","-","-","-"
"1566283211730145282","https://twitter.com/dot_alert/status/1566283211730145282","dot.alert.update(): An overview ofðŸ›…storage options and seed/secret phrases ðŸ”ƒmanagement is now available on our platform: https://t.co/KwJXjfwgGq

#Polkadot #Kusama #Dotsama https://t.co/ghk6Hhun2p","2022-09-04 04:33 +0000","93.0","2.0","0.021505376344086023","0.0","0.0","0.0","1.0","1.0","0.0","0.0","0.0","0","0","0","0","0","0","0","-","-","-","-","-","-","-","-","-","-","-","-","-","-","-","-","-","-"
"1565916526921728001","https://twitter.com/dot_alert/status/1565916526921728001","Q: How is this tool different from @SubsocialChain's SubID: https://t.co/CWsGEjMm7O? 
The key word is âš™""modular"": you can âœ…customise the dashboardðŸ¦¾yourself at all time.","2022-09-03 04:16 +0000","20.0","1.0","0.05","0.0","0.0","0.0","1.0","0.0","0.0","0.0","0.0","0","0","0","0","0","0","0","-","-","-","-","-","-","-","-","-","-","-","-","-","-","-","-","-","-"
"1565862974442549249","https://twitter.com/dot_alert/status/1565862974442549249","You can add an account via itsðŸ—Public key, which is available via @subscan_io's account format transformðŸ”§tool: 
https://t.co/SLS8wOOxrd https://t.co/4LcDMPBviR","2022-09-03 00:43 +0000","28.0","4.0","0.14285714285714285","0.0","1.0","0.0","1.0","1.0","0.0","0.0","0.0","0","0","0","0","0","1","1","-","-","-","-","-","-","-","-","-","-","-","-","-","-","-","-","-","-"
"1565860531730145280","https://twitter.com/dot_alert/status/1565860531730145280","What if you could see all yourðŸŽ’DotSama assets across allðŸ•¸networks without ever signing into any dapp or wallet?
@kianenigma and @_emrani have built a modular and multichain assets aggregator for this purpose: 
ðŸ‘‰ðŸ¿https://t.co/8lTbPk3eSf

#Polkadot #Kusama #Dotsama #web3 https://t.co/9DJtqQp4Ps","2022-09-03 00:33 +0000","29.0","9.0","0.3103448275862069","0.0","1.0","1.0","0.0","3.0","0.0","1.0","0.0","0","0","2","0","0","1","1","-","-","-","-","-","-","-","-","-","-","-","-","-","-","-","-","-","-"
"1565650768983560192","https://twitter.com/dot_alert/status/1565650768983560192","Transaction explorersðŸ”can be much more than dull aggregators of blockchain transactionsâ›“: they can tell theðŸ“œstory of your trials and tribulations within DotSama.
See for yourself with @WalletyOrg's dapp: Wallety. 
https://t.co/r6tJ4XarWO

#Polkadot #Kusama #Dotsama #web3","2022-09-02 10:40 +0000","232.0","17.0","0.07327586206896551","3.0","1.0","5.0","3.0","1.0","0.0","3.0","0.0","0","0","1","0","0","0","0","-","-","-","-","-","-","-","-","-","-","-","-","-","-","-","-","-","-"
"1565511170072514560","https://twitter.com/dot_alert/status/1565511170072514560","One of the best ways to join the DotSama ecosystem ðŸ¤is to help contributors gain visibilityðŸ‘ and/or become a contributor ðŸ—£ yourself! 
Tip proposalsðŸ’°allow you to do all the above...in one click!ðŸŽ¯

#Polkadot #Kusama #Dotsama https://t.co/KWvib2FXTJ","2022-09-02 01:25 +0000","37.0","3.0","0.08108108108108109","0.0","0.0","1.0","0.0","0.0","0.0","0.0","0.0","0","0","2","0","0","0","0","-","-","-","-","-","-","-","-","-","-","-","-","-","-","-","-","-","-"
"1565246124922851329","https://twitter.com/dot_alert/status/1565246124922851329","Dot.alert() is busy ðŸ‘·ðŸ¿â€â™€ï¸building a knowledgebase with practical guidelines for managing ðŸ”DotSama assets safely. 

DotSama builders = forever united.ðŸ¤ðŸŽ¯

#Polkadot #Kusama #Dotsama https://t.co/SIGYkCGroU","2022-09-01 07:52 +0000","62.0","6.0","0.0967741935483871","0.0","0.0","2.0","4.0","0.0","0.0","0.0","0.0","0","0","0","0","0","0","0","-","-","-","-","-","-","-","-","-","-","-","-","-","-","-","-","-","-"
"1565178293480931328","https://twitter.com/dot_alert/status/1565178293480931328","RESULT TIME! ðŸ“©ðŸ‘€
Congratulations to our monthly quiz winners who scored an impressive 80%: 
ðŸ¥‡12T...WZ5
ðŸ¥ˆ1wF...9hX 
ðŸ¥‰135...8Kp
See you all for the second edition of Dot.alert() monthly quiz at the end of September! ðŸ¤“

#Polkadot #Kusama #Dotsama","2022-09-01 03:22 +0000","56.0","1.0","0.017857142857142856","0.0","0.0","0.0","0.0","0.0","0.0","1.0","0.0","0","0","0","0","0","0","0","-","-","-","-","-","-","-","-","-","-","-","-","-","-","-","-","-","-"

"1586841195690328064","https://twitter.com/dot_alert/status/1586841195690328064","So far, in our monthly quiz...
âž¡3/33 participants scored ðŸ’¯%.
âž¡83% is theâš–average score.
Will you be among theðŸ†toppers and land a ticket to ourðŸ’°cash prizes raffle?
Only 24 hours left toðŸ‘ŒðŸ¿prove your awareness of  #Polkadot's technologies!

#Dotsama #Web3 #Blockchain #Cryptos https://t.co/BkUumwHtNZ","2022-10-30 22:03 +0000","92.0","7.0","0.07608695652173914","1.0","1.0","4.0","1.0","0.0","0.0","0.0","0.0","0","0","0","0","0","0","0","-","-","-","-","-","-","-","-","-","-","-","-","-","-","-","-","-","-"
"1586522649596862465","https://twitter.com/dot_alert/status/1586522649596862465","dot.alert.update(): We share someðŸ’¡tips for selecting governance delegates andðŸ§ensuring that they remainâœ…accountable ahead of theðŸ“…upcoming Gov2.0 update. 
âœðŸ¿Learn here: https://t.co/mdg5HgKZdi

#Polkadot #Dotsama #Web3 #Blockchain https://t.co/YmRLIwz8lF","2022-10-30 00:57 +0000","97.0","9.0","0.09278350515463918","2.0","0.0","4.0","0.0","1.0","0.0","2.0","0.0","0","0","0","0","0","0","0","-","-","-","-","-","-","-","-","-","-","-","-","-","-","-","-","-","-"
"1586130116119171072","https://twitter.com/dot_alert/status/1586130116119171072","Beyond theðŸ› technological innovations of shared security,ðŸ‘©â€âš–ï¸on-chain governance, and decentralised crowdfunding, theðŸ•¸#Web3 space built around #Polkadot networkðŸ’ªðŸ¼strives to provide practical solutions toðŸŒreal-world concerns. 

#Kusama #Dotsama #Blockchain #Cryptocurrencies https://t.co/K9KxdxiUwG","2022-10-28 22:57 +0000","70.0","4.0","0.05714285714285714","0.0","1.0","1.0","1.0","0.0","0.0","1.0","0.0","0","0","0","0","0","0","0","-","-","-","-","-","-","-","-","-","-","-","-","-","-","-","-","-","-"
"1585572785480380416","https://twitter.com/dot_alert/status/1585572785480380416","Our monthly quiz is ðŸ•¯ON!
ðŸŸ¢Start: 27th October 2022 10:00 UTC
ðŸŸ¥End: 31st October 2022 22:00 UTC
Test your knowledge of #Polkadot, #Kusama, and #Dotsama to earn a spot in our cash prizes raffle.
ðŸ”—https://t.co/9rAwldCSZa

#Web3 #Cryptocurrencies #Blockchain https://t.co/VVo0f5zE8R","2022-10-27 10:03 +0000","163.0","49.0","0.3006134969325153","4.0","3.0","6.0","7.0","13.0","0.0","14.0","0.0","0","0","0","0","0","2","2","-","-","-","-","-","-","-","-","-","-","-","-","-","-","-","-","-","-"
"1585210632638726144","https://twitter.com/dot_alert/status/1585210632638726144","The 24-hourâ³countdown to ourâœðŸ¿monthly quiz has just begun. Be prepared toðŸ’ªflex your knowledge of #Polkadot network'sðŸ–±operations to enter ourðŸŽ¡draw for cash prizes. 

#Kusama #Dotsama #Web3 #Cryptocurrencies https://t.co/bViCsSARXz","2022-10-26 10:04 +0000","103.0","4.0","0.038834951456310676","1.0","0.0","1.0","0.0","0.0","0.0","2.0","0.0","0","0","0","0","0","0","0","-","-","-","-","-","-","-","-","-","-","-","-","-","-","-","-","-","-"
"1584700235258789888","https://twitter.com/dot_alert/status/1584700235258789888","ðŸ“¨Participating in on-chain governance in the #Polkadot ecosystem is anðŸ‘ŒðŸ¿easy matter.ðŸ“ŒAside Polkadot-JS Apps and @polk_gov, you can use @OpensquareN's SubSquare dapp for aðŸ¤©better voting experience acrossâ›“Relay chains and Parachains.
ðŸ”—https://t.co/tK6jNTcCW7

#Dotsama #Web3","2022-10-25 00:15 +0000","82.0","7.0","0.08536585365853659","0.0","1.0","2.0","2.0","1.0","0.0","1.0","0.0","0","0","0","0","0","0","0","-","-","-","-","-","-","-","-","-","-","-","-","-","-","-","-","-","-"
"1584368845963218944","https://twitter.com/dot_alert/status/1584368845963218944","Proxies are often overlooked as aðŸ› tool for risk management andðŸ›¡asset protection. Meanwhile, they can help usersðŸ”’safeguard their funds andðŸ™ˆpreserve their pseudonymity by assigningðŸ“Œspecific operations (i.e voting, bidding, etc.) to distinct accounts.

#Polkadot #Dotsama #Web3 https://t.co/z3hHPf8Opg","2022-10-24 02:19 +0000","90.0","2.0","0.022222222222222223","1.0","0.0","0.0","1.0","0.0","0.0","0.0","0.0","0","0","0","0","0","0","0","-","-","-","-","-","-","-","-","-","-","-","-","-","-","-","-","-","-"
"1583980806849994752","https://twitter.com/dot_alert/status/1583980806849994752","dot.alert.update(): WeðŸ”explore the most significant ðŸ¤¼governance platforms in the #Polkadot ecosystem andðŸ‘ðŸ¿share some safety tips forðŸ—³voting setups and operations.

#Kusama #Dotsama #Web3 https://t.co/z4injl3t1d","2022-10-23 00:37 +0000","254.0","18.0","0.07086614173228346","2.0","1.0","4.0","2.0","0.0","0.0","7.0","0.0","0","0","0","0","0","2","2","-","-","-","-","-","-","-","-","-","-","-","-","-","-","-","-","-","-"
"1583406985591943170","https://twitter.com/dot_alert/status/1583406985591943170","@DrNickA TheðŸŽžstory of Web 2.0, abridged: 
""We all needðŸ“œregulations. However, someðŸ¤‘people need less regulations thanðŸ’©others.""","2022-10-21 10:36 +0000","48.0","0.0","0.0","0.0","0.0","0.0","0.0","0.0","0.0","0.0","0.0","0","0","0","0","0","0","0","-","-","-","-","-","-","-","-","-","-","-","-","-","-","-","-","-","-"
"1583398743210016769","https://twitter.com/dot_alert/status/1583398743210016769","@rphmeier Decentralised governance shall become theðŸŽ¯crux of this Web3 story...as well as the ðŸ› ""killer dapp"" of the Polkadot ecosystem.","2022-10-21 10:04 +0000","65.0","8.0","0.12307692307692308","1.0","0.0","1.0","2.0","0.0","0.0","4.0","0.0","0","0","0","0","0","0","0","-","-","-","-","-","-","-","-","-","-","-","-","-","-","-","-","-","-"
"1583397417600180225","https://twitter.com/dot_alert/status/1583397417600180225","@alice_und_bob â€¼Risk management never sleeps. 
To stay safe in theâ›“blockchain tech space, ecosystem participants must forever remainðŸš¨on alert. 

#Polkadot #Kusama #Dotsama #Web3","2022-10-21 09:58 +0000","45.0","5.0","0.1111111111111111","0.0","0.0","2.0","2.0","0.0","0.0","1.0","0.0","0","0","0","0","0","0","0","-","-","-","-","-","-","-","-","-","-","-","-","-","-","-","-","-","-"
"1582658331872620544","https://twitter.com/dot_alert/status/1582658331872620544","Dot.alert() is creating an extensiveðŸ§ knowledgebase where community members canðŸ¤“learn about core #Polkadot technologies,ðŸ‘discover popular #Dotsama tools,ðŸ§review advanced safety setups,
andðŸ¤ explore ongoing regulatory developments. 
ðŸ”—:https://t.co/DUre4iMJYb

#Kusama #Web3 https://t.co/gZDJphxqGj","2022-10-19 09:02 +0000","89.0","5.0","0.056179775280898875","1.0","1.0","2.0","0.0","0.0","0.0","0.0","0.0","0","0","0","0","0","1","1","-","-","-","-","-","-","-","-","-","-","-","-","-","-","-","-","-","-"
"1581947708893298688","https://twitter.com/dot_alert/status/1581947708893298688","#Polkadot network gives #Web3 users theðŸ’ªðŸ¿power to customise staking setups to match their evolving security needs. AtðŸ§®account level, through stash-controller-proxy relationships; atðŸ‘›wallet level, via a combination of hot, air-gapped, and cold wallets. 
ðŸ“Œhttps://t.co/KwJXjfwgGq https://t.co/yNnkemhYIC","2022-10-17 09:58 +0000","64.0","3.0","0.046875","0.0","0.0","1.0","0.0","1.0","0.0","1.0","0.0","0","0","0","0","0","0","0","-","-","-","-","-","-","-","-","-","-","-","-","-","-","-","-","-","-"
"1581618099773530112","https://twitter.com/dot_alert/status/1581618099773530112","@0xgoku_ ToðŸ’ªðŸ¿help #DotSama users comply withðŸ“œtax regulations in their respective countries, @JamesSangalli has ðŸ› created a tool to tallyðŸ’°staking income from @Polkadot and @kusamanetwork.
See here ðŸ‘‰ðŸ¿: https://t.co/yReBsgyt4Z","2022-10-16 12:08 +0000","40.0","11.0","0.275","0.0","0.0","2.0","6.0","1.0","0.0","2.0","0.0","0","0","0","0","0","0","0","-","-","-","-","-","-","-","-","-","-","-","-","-","-","-","-","-","-"
"1581460373491703810","https://twitter.com/dot_alert/status/1581460373491703810","@realjameswo It is only when â›“blockchain participants start demanding value and ðŸ›¡safety in exchange for their time and ðŸ‘€attention that we will be able to raise the standards of ðŸ¤“blockchain projects.âœðŸ¿","2022-10-16 01:41 +0000","52.0","2.0","0.038461538461538464","0.0","0.0","0.0","2.0","0.0","0.0","0.0","0.0","0","0","0","0","0","0","0","-","-","-","-","-","-","-","-","-","-","-","-","-","-","-","-","-","-"
"1581451482796216322","https://twitter.com/dot_alert/status/1581451482796216322","dot.alert.update(): We give anðŸ‘€overview of #Dotsama browser extensionðŸ‘›wallets and brief users onðŸ”’safe multi-assets storage features.
ðŸ’»Screen your own hereðŸ‘‰ðŸ¿: https://t.co/iAck3Me1iZ

#Polkadot #Kusama #Web3 https://t.co/0fIhFARgT4","2022-10-16 01:06 +0000","89.0","5.0","0.056179775280898875","1.0","0.0","2.0","1.0","1.0","0.0","0.0","0.0","0","0","0","0","0","0","0","-","-","-","-","-","-","-","-","-","-","-","-","-","-","-","-","-","-"
"1581156650416676866","https://twitter.com/dot_alert/status/1581156650416676866","ðŸŒ‰Bridges are a critical piece of network infrastructure because they facilitate theðŸ”ƒcirculation of assets and values beyond the #DotSama ecosystem.ðŸ˜²But at what cost? 
ðŸ¤‘High stakes &lt;-&gt; ðŸš¨high risks, asðŸ”Šhighlighted in this discussion: https://t.co/dDrpfg3tox

#Polkadot #Web3 https://t.co/1OPMgzGQpB","2022-10-15 05:34 +0000","83.0","3.0","0.03614457831325301","1.0","0.0","1.0","0.0","0.0","0.0","0.0","0.0","0","0","0","0","0","1","1","-","-","-","-","-","-","-","-","-","-","-","-","-","-","-","-","-","-"
"1580828435319906305","https://twitter.com/dot_alert/status/1580828435319906305","There is no better way toðŸš‹drive real world use cases and long-lasting adoption in ðŸ›°the field of emerging technologies other thanðŸ“šEducation. 

#Polkadot #Kusama #Dotsama #Web3 https://t.co/PnPwSz2F1h","2022-10-14 07:50 +0000","91.0","5.0","0.054945054945054944","0.0","0.0","3.0","2.0","0.0","0.0","0.0","0.0","0","0","0","0","0","0","0","-","-","-","-","-","-","-","-","-","-","-","-","-","-","-","-","-","-"
"1580424137754845186","https://twitter.com/dot_alert/status/1580424137754845186","From aðŸ“œregulatory perspective, blockchain networks shouldðŸ¤“aspire to the highest standards ofâš¡energy consumption,ðŸ’°financial inclusion, and ðŸ›¡consumer protection.

How muchðŸ“ˆprogress do you think @Polkadot ecosystem is making towards theseðŸŽ¯goals?

#Polkadot #Dotsama #Web3","2022-10-13 05:04 +0000","101.0","17.0","0.16831683168316833","4.0","0.0","3.0","3.0","0.0","0.0","3.0","0.0","0","0","1","0","0","0","0","-","-","-","-","-","-","-","-","-","-","-","-","-","-","-","-","-","-"
"1580035624047812609","https://twitter.com/dot_alert/status/1580035624047812609","If you areðŸ˜Ža @Polkadot ambassador/moderator,ðŸ¤ a @thatMediaWag writer, orðŸ¤“a #Dotsama power user, considerðŸ”Šsharing your expertise in #Web3ðŸ›¡safety practices through ourðŸ“‘knowledgebase.
For more info,ðŸ”browse here: https://t.co/VXnHXN2yTr https://t.co/yEGgIPUFMC","2022-10-12 03:20 +0000","197.0","19.0","0.09644670050761421","3.0","0.0","2.0","6.0","3.0","0.0","2.0","0.0","0","0","1","0","0","2","2","-","-","-","-","-","-","-","-","-","-","-","-","-","-","-","-","-","-"
"1579452113855578114","https://twitter.com/dot_alert/status/1579452113855578114","â›“On-chain andðŸ—£Off-chain governance mechanisms are ofðŸ“Œthe utmost importance in the DotSama ecosystem. They allow Relay chains and Parachains toðŸ¤coordinate their actions and ensureðŸ¦ºthe stability of network operations inðŸ‘¿the face of adversity.

#Polkadot #Kusama #Dotsama #Web3 https://t.co/ErEMkNOVJY","2022-10-10 12:41 +0000","80.0","3.0","0.0375","1.0","0.0","1.0","1.0","0.0","0.0","0.0","0.0","0","0","0","0","0","0","0","-","-","-","-","-","-","-","-","-","-","-","-","-","-","-","-","-","-"
"1578936760288960512","https://twitter.com/dot_alert/status/1578936760288960512","dot.alert.update(): We summarised someðŸ”¥high-stake regulatory discussions in relation toðŸ› DotSama networks' infrastructure. 
ðŸ¤“Read ON :  https://t.co/5EYLXyvzgt

#Polkadot #Kusama #Dotsama #Web3 https://t.co/aOnpGscQGD","2022-10-09 02:33 +0000","78.0","5.0","0.0641025641025641","2.0","0.0","1.0","0.0","0.0","0.0","2.0","0.0","0","0","0","0","0","0","0","-","-","-","-","-","-","-","-","-","-","-","-","-","-","-","-","-","-"
"1578701230666567681","https://twitter.com/dot_alert/status/1578701230666567681","ðŸ‘©â€âš–ï¸Securities laws are only one amongst the many risks surroundingâ›“blockchain ecosystems.
Dot.alert() willðŸ”€cross-reference DotSama technologies with existingðŸ“œregulations andðŸ—£deliberations to give a comprehensiveðŸ‘overview of this complex matter.

#Polkadot #Kusama #Dotsama https://t.co/hgSwxwLTv0","2022-10-08 10:57 +0000","74.0","4.0","0.05405405405405406","0.0","0.0","1.0","3.0","0.0","0.0","0.0","0.0","0","0","0","0","0","0","0","-","-","-","-","-","-","-","-","-","-","-","-","-","-","-","-","-","-"
"1578546248063205376","https://twitter.com/dot_alert/status/1578546248063205376","ðŸ•¸Decentralisation in DotSama means giving everybody, fromðŸ˜²new entrants toðŸ¤“veterans, the opportunity to fullyðŸ¤ðŸ¼participate in the lifecycle of the network. 

#Polkadot #Kusama #Dotsama #Web3 https://t.co/C62fgLhreY","2022-10-08 00:42 +0000","119.0","7.0","0.058823529411764705","2.0","0.0","3.0","2.0","0.0","0.0","0.0","0.0","0","0","0","0","0","0","0","-","-","-","-","-","-","-","-","-","-","-","-","-","-","-","-","-","-"
"1578306511742193664","https://twitter.com/dot_alert/status/1578306511742193664","@stakenode_dev 6. Keep your communityðŸ›¡safe as best as you can.","2022-10-07 08:49 +0000","25.0","2.0","0.08","0.0","0.0","1.0","0.0","0.0","0.0","1.0","0.0","0","0","0","0","0","1","0","-","-","-","-","-","-","-","-","-","-","-","-","-","-","-","-","-","-"
"1578171832523292672","https://twitter.com/dot_alert/status/1578171832523292672","GitHub isn't just aboutðŸ› software development. Users who want transparency andðŸ“œaccountability within this ecosystem can alsoðŸ§browse repositories to decide whether a project is going toðŸ†make progress on its roadmap orðŸŽƒdefault on its original vision.

#Polkadot #Kusama #Dotsama https://t.co/CqwmdPOhsp","2022-10-06 23:54 +0000","81.0","8.0","0.09876543209876543","0.0","0.0","2.0","2.0","0.0","0.0","0.0","0.0","0","0","0","0","0","4","4","-","-","-","-","-","-","-","-","-","-","-","-","-","-","-","-","-","-"
"1577457292588744705","https://twitter.com/dot_alert/status/1577457292588744705","The ""Polkadot Alliance"" is an ðŸ› upcoming on-chain collective that will work on maintaining theâœ…integrity of the @Polkadot brand. A major area of focus will beðŸš¨fighting against scams andðŸ¤¨dubious parachain projects. 
 ðŸ“‘https://t.co/UfXvazlKtS

#Polkadot #Kusama #Dotsama #Web3 https://t.co/GJxPK7VGbT","2022-10-05 00:35 +0000","1902.0","94.0","0.04942166140904311","9.0","1.0","28.0","23.0","5.0","0.0","15.0","0.0","0","0","2","0","0","11","11","-","-","-","-","-","-","-","-","-","-","-","-","-","-","-","-","-","-"
"1577107933527044096","https://twitter.com/dot_alert/status/1577107933527044096","Dot.alert() is recruitingðŸ¤team members and writers.
You can now join ourðŸŽ¯mission to educate DotSama users aboutðŸ§®managing their assets safely. 
Check our open positions hereðŸ‘‰ðŸ¿: https://t.co/VXnHXN2yTr
Let's makeðŸ•¸Web3 safer, together!

#Polkadot #Kusama #Dotsama #Web3 https://t.co/TaCFKqBlIg","2022-10-04 01:26 +0000","331.0","30.0","0.09063444108761329","1.0","0.0","2.0","5.0","18.0","0.0","2.0","0.0","0","0","0","0","0","2","2","-","-","-","-","-","-","-","-","-","-","-","-","-","-","-","-","-","-"
"1576851760978612224","https://twitter.com/dot_alert/status/1576851760978612224","In the DotSama ecosystem, Parachains ðŸ› work to refine some of the basic functionalities of â›“Relay chains. 
ðŸ‘‡Below is an example of how the on-chain staking experience can be ðŸ“ˆimproved for a wider range of users, well beyond ðŸ—³nomination pools.

#Polkadot #Kusama #DotSama #Web3 https://t.co/my5gfIyqLD","2022-10-03 08:28 +0000","93.0","4.0","0.043010752688172046","0.0","1.0","1.0","1.0","0.0","0.0","1.0","0.0","0","0","0","0","0","0","0","-","-","-","-","-","-","-","-","-","-","-","-","-","-","-","-","-","-"
"1576386603160772608","https://twitter.com/dot_alert/status/1576386603160772608","@Ramon_Ritchie Hi Emilio. 
There was a draw to decide on the prize winners. Unfortunately, your address didn't make it in the list. 
Give it another go next time! ðŸ’ª","2022-10-02 01:40 +0000","5.0","0.0","0.0","0.0","0.0","0.0","0.0","0.0","0.0","0.0","0.0","0","0","0","0","0","0","0","-","-","-","-","-","-","-","-","-","-","-","-","-","-","-","-","-","-"
"1576385802040320000","https://twitter.com/dot_alert/status/1576385802040320000","dot.alert.update(): Find out how to ðŸ›¶navigate GitHub repositories to DYOR on the ðŸ›¡security of DotSama platforms. 
ðŸ§https://t.co/oh20y6v5XT

#Polkadot #Kusama #Dotsama #Web3 #Crypto https://t.co/XaFqAhsVgq","2022-10-02 01:37 +0000","64.0","2.0","0.03125","0.0","1.0","0.0","0.0","0.0","0.0","1.0","0.0","0","0","0","0","0","0","0","-","-","-","-","-","-","-","-","-","-","-","-","-","-","-","-","-","-"
"1576151175363104770","https://twitter.com/dot_alert/status/1576151175363104770","Congratulations to ourðŸ’¡Monthly quiz prize winners who ðŸ†topped the leaderboard with a ðŸ‘ŒðŸ¿perfect 10/10.
ðŸ¥‡$30 DOT: 12x...yn4
ðŸ¥ˆ$20 DOT: 168...rxy
ðŸ¥‰$10 DOT: 15k...ASC

See you all at the end of October for the next edition! ðŸ¤“

#Polkadot #Kusama #Dotsama #Web3 https://t.co/JBwa6cUGWE","2022-10-01 10:04 +0000","103.0","12.0","0.11650485436893204","1.0","2.0","1.0","1.0","0.0","0.0","7.0","0.0","0","0","0","0","0","0","0","-","-","-","-","-","-","-","-","-","-","-","-","-","-","-","-","-","-"
"1576007428054822912","https://twitter.com/dot_alert/status/1576007428054822912","The ðŸ’ªstrength of the DotSama ecosystem lies in its willingness to ðŸ¤collaborate, cooperate, and coordinate.
ðŸ‘‡This is what a ""bet against maximalism"" look like.

#Polkadot #Kusama #Dotsama #Web3 https://t.co/ZKs83FtWRh","2022-10-01 00:33 +0000","43.0","1.0","0.023255813953488372","0.0","0.0","0.0","0.0","0.0","0.0","1.0","0.0","0","0","0","0","0","0","0","-","-","-","-","-","-","-","-","-","-","-","-","-","-","-","-","-","-"
"1597826225195855872","https://twitter.com/dot_alert/status/1597826225195855872","@socrates1024 This goes to highlight howðŸ§experimental blockchain technologies still are. 
Building slow,âŒ›time-tested, and well-audited infrastructure is aðŸ‘†mandatory step for giving real-world legitimacy to thisðŸ­entire industry.","2022-11-30 05:33 +0000","1114.0","15.0","0.013464991023339317","0.0","3.0","4.0","3.0","0.0","0.0","5.0","0.0","0","0","0","0","0","0","0","-","-","-","-","-","-","-","-","-","-","-","-","-","-","-","-","-","-"
"1597753348618231809","https://twitter.com/dot_alert/status/1597753348618231809","Less than2ï¸âƒ£4ï¸âƒ£hours left to submit yourâœ5 answers in our #Polkadot + #Dotsama monthly quiz.
ðŸ—£Head here: https://t.co/9rAwldCSZa

#Web3 #Blockchain #DOT #Cryptos https://t.co/03ApjXdjFp","2022-11-30 00:44 +0000","50.0","9.0","0.18","2.0","1.0","4.0","0.0","1.0","0.0","0.0","0.0","0","0","0","0","0","1","1","-","-","-","-","-","-","-","-","-","-","-","-","-","-","-","-","-","-"
"1597363388358672384","https://twitter.com/dot_alert/status/1597363388358672384","@bitfalls âœðŸ»","2022-11-28 22:54 +0000","22.0","0.0","0.0","0.0","0.0","0.0","0.0","0.0","0.0","0.0","0.0","0","0","0","0","0","0","0","-","-","-","-","-","-","-","-","-","-","-","-","-","-","-","-","-","-"
"1597361086407200768","https://twitter.com/dot_alert/status/1597361086407200768","@binance Only one: Learn self-custody so that you never have to leave your valuable assets on CEXes, no matter how ""SAFU"" they claim to be.","2022-11-28 22:45 +0000","240.0","9.0","0.0375","0.0","3.0","2.0","1.0","0.0","0.0","3.0","0.0","0","0","0","0","0","0","0","-","-","-","-","-","-","-","-","-","-","-","-","-","-","-","-","-","-"
"1597359222236540929","https://twitter.com/dot_alert/status/1597359222236540929","Think youðŸ¤“know the small prints of #Polkadot ðŸ› operations? 
Convinced you haveâœ…mastered the latest #Dotsama ðŸ“°developments? 
Take ourâœðŸ»monthly quiz for aðŸ§self-check and aðŸŽ¡lucky draw whitelisting! 
ðŸ”—https://t.co/9rAwldlPXa

#Web3 #Blockchain #Cryptos #DOT https://t.co/NulN35hSd3","2022-11-28 22:38 +0000","67.0","14.0","0.208955223880597","1.0","3.0","2.0","4.0","1.0","0.0","2.0","0.0","0","0","0","0","0","1","1","-","-","-","-","-","-","-","-","-","-","-","-","-","-","-","-","-","-"
"1597030368972263426","https://twitter.com/dot_alert/status/1597030368972263426","ðŸ“¢New publication!
We summarise how toðŸ›¶navigate on-chain Treasury spends, andðŸ®highlight the latest OpenGov pre-requisites for aðŸ…successful crowdfunding operation. 
ðŸ‘€https://t.co/SqtFgMeEMj

#Polkadot #Dotsama #Web3 #Blockchain #Cryptos #DOT https://t.co/JMnVLTBfvi","2022-11-28 00:51 +0000","130.0","23.0","0.17692307692307693","4.0","4.0","5.0","3.0","0.0","0.0","7.0","0.0","0","0","0","0","0","0","0","-","-","-","-","-","-","-","-","-","-","-","-","-","-","-","-","-","-"
"1596448506944065536","https://twitter.com/dot_alert/status/1596448506944065536","Our NovemberâœðŸ¿monthly quiz is LIVE for the nextâ³5 days!
ðŸ’ªðŸ»Flex your #Polkadot muscle and your #Dotsama brain for anðŸšªentry ticket into our lucky draw.
ðŸƒâ€â™‚ï¸Go! ðŸ‘‰ðŸ½https://t.co/9rAwldlPXa

#Web3 #Blockchain #Cryptos #DOT https://t.co/2I8nMzPcGi","2022-11-26 10:19 +0000","170.0","39.0","0.22941176470588234","4.0","1.0","7.0","3.0","10.0","0.0","11.0","0.0","0","0","0","0","0","3","3","-","-","-","-","-","-","-","-","-","-","-","-","-","-","-","-","-","-"
"1596127890483339265","https://twitter.com/dot_alert/status/1596127890483339265","@gavofyork @LuckyTony6B Dr Wood is on ðŸ”¥.","2022-11-25 13:05 +0000","429.0","6.0","0.013986013986013986","0.0","1.0","3.0","0.0","0.0","0.0","2.0","0.0","0","0","0","0","0","0","0","-","-","-","-","-","-","-","-","-","-","-","-","-","-","-","-","-","-"
"1595986483789594624","https://twitter.com/dot_alert/status/1595986483789594624","Safeguarding digitalðŸ’°assets is at the core of #Polkadot'sðŸ‘â€ðŸ—¨vision. While parachain teams enjoy theðŸ”shared security scheme of the Relay chain, every day users standðŸ‘®ðŸ»â€â™‚ï¸protected thanks to Anti-Scam initiatives. 
ðŸ“°https://t.co/2LrWfNKKLY 

#Dotsama #Web3 #Blockchain #Cryptos","2022-11-25 03:43 +0000","149.0","26.0","0.174496644295302","3.0","1.0","7.0","2.0","7.0","0.0","6.0","0.0","0","0","0","0","0","0","0","-","-","-","-","-","-","-","-","-","-","-","-","-","-","-","-","-","-"
"1595588269294915586","https://twitter.com/dot_alert/status/1595588269294915586","It is almostâ²time to check your understanding of the #Polkadot ecosystem through ourðŸ“–monthly quiz.
Stayâ—alert andðŸ‘€watch ourðŸ“°Twitter feed.

#Dotsama #Blockchain #Web3 #Cryptos #DOT https://t.co/9k5SU1EUUE","2022-11-24 01:21 +0000","118.0","6.0","0.05084745762711865","1.0","0.0","3.0","1.0","0.0","0.0","1.0","0.0","0","0","0","0","0","0","0","-","-","-","-","-","-","-","-","-","-","-","-","-","-","-","-","-","-"
"1594882075361873920","https://twitter.com/dot_alert/status/1594882075361873920","For thoseðŸ¤ stakeholders who are interested in delegating their Gov 2.0ðŸ—³votes, we have published a short butðŸ§ informative piece on what toðŸ§look for in a Democracy representative. 
Read ONðŸ‘‰ðŸ½https://t.co/mdg5HgKZdi

#Polkadot #Dotsama #Web3 #Blockchain https://t.co/hAwdx7c2JF","2022-11-22 02:34 +0000","108.0","9.0","0.08333333333333333","1.0","0.0","2.0","2.0","1.0","0.0","3.0","0.0","0","0","0","0","0","0","0","-","-","-","-","-","-","-","-","-","-","-","-","-","-","-","-","-","-"
"1594646324946706432","https://twitter.com/dot_alert/status/1594646324946706432","@Zoewrites1 ðŸ“Œhttps://t.co/VXnHXN2yTr","2022-11-21 10:58 +0000","75.0","25.0","0.3333333333333333","1.0","1.0","1.0","6.0","15.0","0.0","1.0","0.0","0","0","0","0","0","0","0","-","-","-","-","-","-","-","-","-","-","-","-","-","-","-","-","-","-"
"1594555184247885830","https://twitter.com/dot_alert/status/1594555184247885830","ðŸ“¢New publication!
WeðŸ’¡explain why the #Polkadot ecosystem needs nativeðŸ“³mobile wallets for its users, andðŸ”share some important security tips for goingðŸƒðŸ½â€â™€ï¸out and about with your #Dotsama accounts. 

ðŸ“Œhttps://t.co/0VNE5C9QLa

#Web3 #Blockchain #Cryptos #DOT https://t.co/je7oifGNmS","2022-11-21 04:55 +0000","144.0","6.0","0.041666666666666664","2.0","0.0","2.0","0.0","0.0","0.0","2.0","0.0","0","0","0","0","0","0","0","-","-","-","-","-","-","-","-","-","-","-","-","-","-","-","-","-","-"
"1593918941906075648","https://twitter.com/dot_alert/status/1593918941906075648","@coinbureau Lack of risk managementðŸ‘â€ðŸ—¨strategies is the number 1ï¸âƒ£ reason why individuals and companies lose their cryptoðŸ’°assets.
But since the wholeðŸ­industry thrives on mindless risk-taking, those whoâ›”failed spectacularly still garner more attention than those whoðŸ’¹grow quietly.

#Polkadot","2022-11-19 10:47 +0000","138.0","10.0","0.07246376811594203","0.0","1.0","0.0","4.0","0.0","0.0","5.0","0.0","0","0","0","0","0","0","0","-","-","-","-","-","-","-","-","-","-","-","-","-","-","-","-","-","-"
"1593747007348166659","https://twitter.com/dot_alert/status/1593747007348166659","We are gatheringðŸ—£users' feedback as part ofðŸ§our Quality Assurance operations.
All survey participants will earn anðŸŽŸentry ticket to our raffle for 5x $20 DOTðŸ†cash prizes.
ðŸ“Žhttps://t.co/wF6ZsbYTfX
Let's makeðŸ•¸Web3 safer, together!

#Polkadot #Blockchain #Dotsama #Cryptos #Web3 https://t.co/dbWt476Psr","2022-11-18 23:24 +0000","520.0","78.0","0.15","6.0","3.0","9.0","10.0","19.0","0.0","31.0","0.0","0","0","0","0","0","0","0","-","-","-","-","-","-","-","-","-","-","-","-","-","-","-","-","-","-"
"1593397170907934720","https://twitter.com/dot_alert/status/1593397170907934720","Participating inðŸ’µcrowdloans through #Polkadot's native mechanismðŸ’ªðŸ¿empowers #DOT holders to support theðŸ› developments of decentralised #Web3 services without forsaking theðŸ‘œownership of their assets. 
Find out the whys and the howsðŸ“°:https://t.co/UxAtaJqPXK

#Blockchain #Cryptos https://t.co/Qrg0mA2081","2022-11-18 00:14 +0000","173.0","19.0","0.10982658959537572","3.0","1.0","4.0","7.0","1.0","0.0","3.0","0.0","0","0","0","0","0","0","0","-","-","-","-","-","-","-","-","-","-","-","-","-","-","-","-","-","-"
"1592858904110985217","https://twitter.com/dot_alert/status/1592858904110985217","@alice_und_bob It might be worth taking aðŸ‘€look at @JamesSangalli's StakingðŸ’°income aggregator: https://t.co/yReBsghq2Z","2022-11-16 12:35 +0000","83.0","22.0","0.26506024096385544","0.0","0.0","2.0","2.0","6.0","0.0","12.0","0.0","0","0","0","0","0","0","0","-","-","-","-","-","-","-","-","-","-","-","-","-","-","-","-","-","-"
"1592830234960990209","https://twitter.com/dot_alert/status/1592830234960990209","@danreecer_ Dot.alert() hits theðŸŽ¯bullseye by delivering bitesizeðŸ§ educational content that is focused on theðŸš¨risk management side ofðŸ’°self-custody. 
ðŸ‘‰ðŸ¿https://t.co/DUre4ivGWb

#Web3 #Blockchain #Cryptos https://t.co/9Ysg9Tekiq","2022-11-16 10:41 +0000","109.0","5.0","0.045871559633027525","1.0","0.0","1.0","0.0","1.0","0.0","0.0","0.0","0","0","0","0","0","2","2","-","-","-","-","-","-","-","-","-","-","-","-","-","-","-","-","-","-"
"1592801920665915392","https://twitter.com/dot_alert/status/1592801920665915392","Participating actively in the #Polkadot ecosystem means DYOR to become familiar with the big picture of #Web3 and Big Data from #Blockchain networks.

#Dotsama #DOT #Cryptos https://t.co/udAbpdsZpz","2022-11-16 08:49 +0000","200.0","8.0","0.04","2.0","2.0","2.0","0.0","0.0","0.0","2.0","0.0","0","0","0","0","0","0","0","-","-","-","-","-","-","-","-","-","-","-","-","-","-","-","-","-","-"
"1592289969867223040","https://twitter.com/dot_alert/status/1592289969867223040","@zachxbt â˜¢ Scambags are forever using Twitter toðŸ˜µsocially engineer their schemes andðŸ­manufacture engagement data with the help ofðŸ¤–bots and fake accounts. 

TL;DR: This is yet another areaðŸ‘€where #Web3's technologies will need to help ðŸ—ƒsift out the lies from the legit.","2022-11-14 22:54 +0000","77.0","0.0","0.0","0.0","0.0","0.0","0.0","0.0","0.0","0.0","0.0","0","0","0","0","0","0","0","-","-","-","-","-","-","-","-","-","-","-","-","-","-","-","-","-","-"
"1591981532381863936","https://twitter.com/dot_alert/status/1591981532381863936","ðŸ“¢New publication! 
WeâœðŸ¿wrote a short brief on crowdloans as aðŸ’µcrowdfunding tool in the #Polkadot ecosystem, and also gave someðŸ“Žpointers on how to DYOR beforeðŸ¤contributing to projects. 

ðŸ¤“Find out more: https://t.co/UxAtaJIZbS

#Dotsama #Web3  #DOT #Blockchain #Cryptos https://t.co/qtrClbbRyS","2022-11-14 02:29 +0000","173.0","12.0","0.06936416184971098","2.0","1.0","4.0","0.0","1.0","0.0","2.0","0.0","0","0","0","0","0","2","2","-","-","-","-","-","-","-","-","-","-","-","-","-","-","-","-","-","-"
"1591392013240668161","https://twitter.com/dot_alert/status/1591392013240668161","We are hiringâœðŸ¿writers with an eye for cutting-edgeðŸ› technologies, a flair forðŸ“œregulatory developments, and a taste forðŸ›¡risk management strategies. 

#Polkadot #Dotsama #Blockchain #Web3 #Cryptos https://t.co/GgeWAmHVB9","2022-11-12 11:26 +0000","174.0","18.0","0.10344827586206896","4.0","2.0","5.0","4.0","0.0","0.0","3.0","0.0","0","0","0","0","0","0","0","-","-","-","-","-","-","-","-","-","-","-","-","-","-","-","-","-","-"
"1591236414469189633","https://twitter.com/dot_alert/status/1591236414469189633","@nic__carter In this â†—#blockchain industry designed not for trust but forâœ…verification,ðŸ’°#crypto freebies/donations should systematically beðŸ§investigated prior to acceptance.ðŸ“ŒThe Trojan horse was also aðŸŽ""gift"" to the mighty bastion of âš”resistance named Troy.

#Polkadot #Dotsama #DOT","2022-11-12 01:08 +0000","758.0","6.0","0.0079155672823219","1.0","0.0","1.0","2.0","0.0","2.0","0.0","0.0","0","0","0","0","0","0","0","-","-","-","-","-","-","-","-","-","-","-","-","-","-","-","-","-","-"
"1590510528283447296","https://twitter.com/dot_alert/status/1590510528283447296","@RyanSAdams TL;DR: Don't inviteðŸ¤‘crypto billionaires to discuss crypto values when theirðŸ‘·ðŸ¼â€â™‚ï¸endeavours are (and will always be) profit-driven.","2022-11-10 01:03 +0000","629.0","7.0","0.011128775834658187","0.0","0.0","1.0","4.0","0.0","0.0","2.0","0.0","0","0","0","0","0","0","0","-","-","-","-","-","-","-","-","-","-","-","-","-","-","-","-","-","-"
"1590509287989993472","https://twitter.com/dot_alert/status/1590509287989993472","âœŠðŸ»Self-custody of digital assets is regarded as a potentialðŸ’¡solution to financial exclusion and a notedðŸ’‚ðŸ½â€â™‚ï¸safeguard against third-party confiscation.
âœðŸ¿Here is an overview of non-custodialðŸ’°storage options for the #Polkadot ecosystem: https://t.co/KwJXjfOpUy

#Dotsama #Web3 #DOT https://t.co/VnNOKItryM","2022-11-10 00:58 +0000","170.0","14.0","0.08235294117647059","3.0","0.0","4.0","0.0","2.0","0.0","5.0","0.0","0","0","0","0","0","0","0","-","-","-","-","-","-","-","-","-","-","-","-","-","-","-","-","-","-"
"1589903809597550592","https://twitter.com/dot_alert/status/1589903809597550592","Since data protectionðŸ“œlaws cannot always be enforced in practice by authorities,ðŸ”Privacy protocols will ensure thatðŸ¤ consumers' on-chain data remainðŸ›¡protected from the get-go.
Dot.alert() willâœðŸ¿cover this topic very soon.
ðŸ“Œhttps://t.co/pCPHO0ACRc

#Polkadot #Web3 #Blockchain https://t.co/97QCp0rd71","2022-11-08 08:53 +0000","85.0","5.0","0.058823529411764705","1.0","1.0","2.0","0.0","0.0","0.0","1.0","0.0","0","0","0","0","0","0","0","-","-","-","-","-","-","-","-","-","-","-","-","-","-","-","-","-","-"
"1589447757068382208","https://twitter.com/dot_alert/status/1589447757068382208","ðŸ“¢New publication! 
In ourðŸ“°latest article, we summarise regulatory perspectives onâ›“blockchain network activities andðŸ‘€explore how the #Polkadot ecosystem is readilyðŸ› taking steps to mitigate theirðŸš¨emerging risks.
ðŸ‘‰ðŸ¿https://t.co/h5XLw1KvAb

#Dotsama #Web3  #DOT #Blockchain https://t.co/Nwqy6KQxIV","2022-11-07 02:40 +0000","384.0","12.0","0.03125","3.0","2.0","4.0","2.0","0.0","0.0","1.0","0.0","0","0","0","0","0","0","0","-","-","-","-","-","-","-","-","-","-","-","-","-","-","-","-","-","-"
"1588325916199260161","https://twitter.com/dot_alert/status/1588325916199260161","Gov 2.0 is the most excitingðŸ’¡development in #Polkadot's boldâ©move towards full decentralisation. But, how toðŸ§keep track of all theseðŸ“°referendum classes and proposals at once?
ðŸ“Œ@Ryabinaio's bots and @BrightTreasury's dashboard will keep youâž¿in the loop. 

#Dotsama #Web3 #DOT https://t.co/ICcQlRd5mX","2022-11-04 00:23 +0000","209.0","19.0","0.09090909090909091","2.0","2.0","3.0","8.0","0.0","0.0","4.0","0.0","0","0","0","0","0","0","0","-","-","-","-","-","-","-","-","-","-","-","-","-","-","-","-","-","-"
"1587949462558625792","https://twitter.com/dot_alert/status/1587949462558625792","Curious aboutðŸ‘Ÿkickstarting your journey into the #Polkadot ecosystem without putting yourðŸ’°assets at risk? 
Dot.alert()'sðŸ§ knowledgebase is the perfect companion to yourðŸ‘€explorations of #DotsamaðŸ› technologies, wallets, and dapps.
Start hereðŸ‘‰ðŸ¼https://t.co/DUre4iMJYb

#Web3 #DOT https://t.co/65rFoII9EC","2022-11-02 23:27 +0000","145.0","12.0","0.08275862068965517","2.0","0.0","5.0","2.0","1.0","0.0","1.0","0.0","0","0","1","0","0","0","0","-","-","-","-","-","-","-","-","-","-","-","-","-","-","-","-","-","-"
"1587293265971187712","https://twitter.com/dot_alert/status/1587293265971187712","The prize winners for ourâ“monthly quiz have beenðŸƒdrawn!
ðŸ¥‡$30 DOT: 12T...WZ5
ðŸ¥ˆ$20 DOT: 13W...oHo
ðŸ¥‰$10 DOT: 135...8Kp

TheðŸ“…November edition will introduce someðŸ”€changes to our monthly quiz format. Until then, stayâ—dot.alert! 

#Polkadot #Dotsama #Web3 #Blockchain #Cryptos https://t.co/ZhXWU6MznK","2022-11-01 03:59 +0000","110.0","5.0","0.045454545454545456","0.0","1.0","2.0","0.0","0.0","0.0","2.0","0.0","0","0","0","0","0","0","0","-","-","-","-","-","-","-","-","-","-","-","-","-","-","-","-","-","-"

"1602982791087431680","https://twitter.com/dot_alert/status/1602982791087431680","@VitalikButerin TL;DR: Too many ""X"" in cryptos, not enough ""Y"".","2022-12-14 11:04 +0000","112.0","0.0","0.0","0.0","0.0","0.0","0.0","0.0","0.0","0.0","0.0","0","0","0","0","0","0","0","-","-","-","-","-","-","-","-","-","-","-","-","-","-","-","-","-","-"
"1602981003043098625","https://twitter.com/dot_alert/status/1602981003043098625","#Web3's value proposition is all about open source, creativity, collaboration, and decentralisation.
If you have an idea on how to enrich or materialise this vision of an accessible web, consider seeking funding from #Polkadot's on-chain treasury.
ðŸ‘‰ðŸ½https://t.co/SqtFgMvHOj https://t.co/YB3L7ulpAP","2022-12-14 10:57 +0000","73.0","7.0","0.0958904109589041","2.0","0.0","3.0","1.0","1.0","0.0","0.0","0.0","0","0","0","0","0","3","0","-","-","-","-","-","-","-","-","-","-","-","-","-","-","-","-","-","-"
"1602278850636832773","https://twitter.com/dot_alert/status/1602278850636832773","ðŸ“¢New publication!
We run through allðŸ¦staking options available in the #Polkadot ecosystem andðŸ“‘propose some nomination strategies forâ˜˜growing and securing yourðŸ§§stake across networks.
â–¶ https://t.co/xPJ3ONsRDk

#Dotsama #Web3 #Blockchain #Cryptos #DOT https://t.co/4S1OonSIWj","2022-12-12 12:27 +0000","200.0","18.0","0.09","5.0","3.0","4.0","2.0","4.0","0.0","0.0","0.0","0","0","0","0","0","0","0","-","-","-","-","-","-","-","-","-","-","-","-","-","-","-","-","-","-"
"1601246190690922496","https://twitter.com/dot_alert/status/1601246190690922496","Blockchain technologies are both aðŸ’¡cutting edge and a cut-throat industry. 
To stay afloat and get ahead, #Polkadot ecosystemðŸ‘·ðŸ¼â€â™‚ï¸builders need the best tools to try and test protocols, so that they canðŸ›…preserve and secure value for users over time. 

#Dotsama #Web3 #Blockchain https://t.co/s9519iVI43","2022-12-09 16:03 +0000","606.0","15.0","0.024752475247524754","1.0","0.0","12.0","0.0","0.0","1.0","1.0","0.0","0","0","0","0","0","0","0","-","-","-","-","-","-","-","-","-","-","-","-","-","-","-","-","-","-"
"1601240821403041792","https://twitter.com/dot_alert/status/1601240821403041792","@cburniske @Polkadot @ethereum @Artemis__xyz ""least discussed"" by whom? ðŸ¤”","2022-12-09 15:42 +0000","75.0","0.0","0.0","0.0","0.0","0.0","0.0","0.0","0.0","0.0","0.0","0","0","0","0","0","0","0","-","-","-","-","-","-","-","-","-","-","-","-","-","-","-","-","-","-"
"1600552576197353474","https://twitter.com/dot_alert/status/1600552576197353474","If you areðŸ™Œeager to onboard the #Polkadot ecosystem and become a moreðŸƒðŸ¾â€â™€ï¸active #Dotsama participant, check our (growing) list ofðŸ¤³ðŸ¾user-friendly tools, dapps, and platforms.
ðŸ‘‰ðŸ½https://t.co/LflIM1dN0u

#Web3 #Blockchain #Cryptos #DOT https://t.co/i0IWsvQl8u","2022-12-07 18:07 +0000","105.0","26.0","0.24761904761904763","2.0","3.0","3.0","5.0","4.0","2.0","6.0","0.0","0","0","0","0","0","1","1","-","-","-","-","-","-","-","-","-","-","-","-","-","-","-","-","-","-"
"1599565256363102208","https://twitter.com/dot_alert/status/1599565256363102208","ðŸ“¢New publication!
We exploreðŸ“œregulatory evaluations of privacy-focusedðŸ› protocols and investigate howðŸ•¸the #Polkadot ecosystem addresses theðŸ™Œgrowing need for trustless and secureðŸ”privacy solutions.
ðŸ™ˆhttps://t.co/uNg1ncYvB7

#Dotsama #Web3 #Blockchain #Cryptos #DOT https://t.co/d2g2rSAOJp","2022-12-05 00:44 +0000","86.0","16.0","0.18604651162790697","2.0","1.0","3.0","2.0","0.0","0.0","5.0","0.0","0","0","0","0","0","3","3","-","-","-","-","-","-","-","-","-","-","-","-","-","-","-","-","-","-"
"1598896454927806464","https://twitter.com/dot_alert/status/1598896454927806464","@rphmeier In other ecosystems,ðŸ¤ðŸ¾partnerships = we work together toðŸ› build a common product.
In the Polkadot ecosystem,ðŸ™ŒðŸ»""partnerships"" = we âœ¨advertise each others' product.","2022-12-03 04:26 +0000","353.0","13.0","0.036827195467422094","0.0","1.0","3.0","5.0","0.0","0.0","4.0","0.0","0","0","0","0","0","0","0","-","-","-","-","-","-","-","-","-","-","-","-","-","-","-","-","-","-"
"1598842778964090880","https://twitter.com/dot_alert/status/1598842778964090880","Our monthly quiz isðŸ”šdone and the prizes areðŸ’ªðŸ»won!
ðŸ¥‡$30 DOT: 12w...4Yg
ðŸ¥ˆ$20 DOT: 14D...4r9
ðŸ¥‰$10 DOT: 14E...RyP

See you inâ›„December for theâ®last edition of the year!  

#Polkadot #Dotsama #Web3 #Blockchain #Cryptos https://t.co/U4bexNvacx","2022-12-03 00:53 +0000","43.0","6.0","0.13953488372093023","0.0","2.0","2.0","0.0","0.0","0.0","2.0","0.0","0","0","0","0","0","0","0","-","-","-","-","-","-","-","-","-","-","-","-","-","-","-","-","-","-"
"1598494071999594496","https://twitter.com/dot_alert/status/1598494071999594496","If you have everðŸ’»visited our website,ðŸ–±browsed our knowledgebase, or âœtaken our monthly quizzes, we want to hear from you!
Complete ourðŸ§survey to tell us what we canðŸ“ˆdo better. 5ï¸âƒ£entries will be drawn toðŸ…win $20 #DOT each.
ðŸ‘‰ðŸ½https://t.co/wF6Zsch2u5

#Polkadot #Web3 #Cryptos https://t.co/wXixkFiznu","2022-12-02 01:47 +0000","87.0","26.0","0.2988505747126437","3.0","1.0","6.0","3.0","6.0","0.0","7.0","0.0","0","0","0","0","0","0","0","-","-","-","-","-","-","-","-","-","-","-","-","-","-","-","-","-","-"

"1608416757299163136","https://twitter.com/dot_alert/status/1608416757299163136","If youðŸ˜¢missed taking part in our monthlyâ”quizzes in 2022, you still haveðŸ•°35 hours to showcase your ðŸ§ knowledge of the #PolkadotðŸŒecosystem in our finalðŸ“°edition of the year.
3ï¸âƒ£ participants will be drawn toðŸ†win $30, $20 and $10 DOT.

#Dotsama #Web3 #Cryptos #DOT $DOT https://t.co/XrKcFfEpEh","2022-12-29 10:56 +0000","135.0","18.0","0.13333333333333333","3.0","0.0","6.0","3.0","0.0","0.0","4.0","0.0","0","0","0","0","0","2","2","-","-","-","-","-","-","-","-","-","-","-","-","-","-","-","-","-","-"
"1607836382202064896","https://twitter.com/dot_alert/status/1607836382202064896","But what aboutâ—risk management in this unique context? ðŸ¤”
Dot.alert() willðŸ”explore this high stake topicâ²very soon. 
ðŸ“Œhttps://t.co/gPexWQhwYP","2022-12-27 20:30 +0000","32.0","2.0","0.0625","0.0","0.0","1.0","0.0","1.0","0.0","0.0","0.0","0","0","0","0","0","0","0","-","-","-","-","-","-","-","-","-","-","-","-","-","-","-","-","-","-"
"1607835220736188422","https://twitter.com/dot_alert/status/1607835220736188422","Cross-chainðŸ”€token swaps are currently the biggest use case forðŸ¤interoperability protocols in the #Polkadot ecosystem, as they allow participants toðŸ¤‘access, own, and exchange assets across multipleðŸ•¸networks. (1/2)

#Dotsama #Web3 #Blockchain #Cryptos #DOT $DOT https://t.co/M4KqQ71mDn","2022-12-27 20:26 +0000","178.0","9.0","0.05056179775280899","1.0","1.0","1.0","0.0","0.0","0.0","6.0","0.0","0","0","0","0","0","0","0","-","-","-","-","-","-","-","-","-","-","-","-","-","-","-","-","-","-"
"1607366463815286787","https://twitter.com/dot_alert/status/1607366463815286787","HowðŸ‘ŒðŸ¾well have you been following theðŸ§µthread of our publications over theâªpast 4 weeks? 
Take ourðŸ“Ÿmonthly quiz to put a #ï¸âƒ£score on your dot.alert-ness! 
ðŸ³https://t.co/9rAwldli7C

#Polkadot #Dotsama #Web3 #Cryptos #DOT $DOT https://t.co/76PDWWxq7E","2022-12-26 13:23 +0000","108.0","22.0","0.2037037037037037","3.0","0.0","4.0","0.0","11.0","0.0","2.0","0.0","0","0","0","0","0","2","2","-","-","-","-","-","-","-","-","-","-","-","-","-","-","-","-","-","-"
"1607277637247844354","https://twitter.com/dot_alert/status/1607277637247844354","ðŸ“¢New publication!
We review theðŸ“³functionalities of air-gapped signers as a long-termðŸ”storage option and explain how they canðŸ¤ðŸ»help users transact more easily with their #PolkadotðŸ‘›assets.
ðŸ”—https://t.co/CXUa2QSPW5

#Dotsama #Web3 #Blockchain #Cryptos $DOT https://t.co/ME1sNqRtw1","2022-12-26 07:30 +0000","201.0","24.0","0.11940298507462686","4.0","0.0","7.0","0.0","4.0","1.0","8.0","0.0","0","0","0","0","0","0","0","-","-","-","-","-","-","-","-","-","-","-","-","-","-","-","-","-","-"
"1606950472971165698","https://twitter.com/dot_alert/status/1606950472971165698","GetðŸ™ŒðŸ»ready for our last monthly quiz of theðŸ“…year 2022!
Comingâ²very soonâ„¢.

#Polkadot #Dotsama #Web3 #Blockchain #Cryptos $DOT https://t.co/PREvmQkwwo","2022-12-25 09:50 +0000","145.0","17.0","0.11724137931034483","1.0","0.0","6.0","4.0","1.0","1.0","4.0","0.0","0","0","0","0","0","0","0","-","-","-","-","-","-","-","-","-","-","-","-","-","-","-","-","-","-"
"1605598598107799552","https://twitter.com/dot_alert/status/1605598598107799552","Swapping tokens on DEXesâ˜¢exposes users to certain risks that lead toðŸ“‰gradual loss of funds.
In the #Polkadot ecosystem, someâ›“parachains are optimised to mitigate andðŸš«eliminate these risks from the get-go.
Learn thisðŸ†•paradigm: https://t.co/DoUs6nNZYS

#Dotsama #Web3 #Cryptos https://t.co/38j1sv2tAK","2022-12-21 16:18 +0000","110.0","13.0","0.11818181818181818","3.0","0.0","3.0","2.0","1.0","0.0","4.0","0.0","0","0","0","0","0","0","0","-","-","-","-","-","-","-","-","-","-","-","-","-","-","-","-","-","-"
"1605206058678599686","https://twitter.com/dot_alert/status/1605206058678599686","Our latestðŸ“œTreasury proposal is up for community discussion andðŸ§review, as part of #Polkadot's on-chainðŸ›governance mechanisms.
ðŸ‘€Find out more: https://t.co/8oreX55zXD

#Dotsama #Web3 #Blockchain #Cryptos $DOT https://t.co/wVv7ts2aoK","2022-12-20 14:18 +0000","64.0","11.0","0.171875","2.0","0.0","4.0","1.0","4.0","0.0","0.0","0.0","0","0","0","0","0","0","0","-","-","-","-","-","-","-","-","-","-","-","-","-","-","-","-","-","-"
"1604814767616847872","https://twitter.com/dot_alert/status/1604814767616847872","ðŸ“¢New publication!
WeðŸ“‘put together a summary ofðŸ’±token swap functionalities available in the #Polkadot ecosystem and shareðŸ‘ðŸ½good practice for preservingðŸ’°funds when swapping on DEXes.
ðŸ“¥https://t.co/DoUs6o69d0

#Dotsama #Web3 #Blockchain #Cryptos $DOT https://t.co/T0DbOQB4I5","2022-12-19 12:23 +0000","140.0","19.0","0.1357142857142857","5.0","0.0","6.0","0.0","1.0","0.0","5.0","0.0","0","0","0","0","0","2","2","-","-","-","-","-","-","-","-","-","-","-","-","-","-","-","-","-","-"

"1620387368946778112","https://twitter.com/dot_alert/status/1620387368946778112","âŒ›Monthly quizâŒ›
Less thanðŸ•™10 hours left to submit yourâœðŸ¿answers in our January edition and get theðŸ¤žchance to win one of ourðŸ§§cash prizes of $50, $30, and $20 #DOT! 
Go hereðŸ‘‰ðŸ½: https://t.co/9rAwldlPXa

#Polkadot #Dotsama #Crypto #Web3 #Blockchain $DOT https://t.co/lmXc80aPtZ","2023-01-31 11:43 +0000","60.0","13.0","0.21666666666666667","0.0","0.0","4.0","0.0","6.0","0.0","3.0","0.0","0","0","0","0","0","0","0","-","-","-","-","-","-","-","-","-","-","-","-","-","-","-","-","-","-"
"1620093391404175360","https://twitter.com/dot_alert/status/1620093391404175360","ðŸ“¢New publication!
We give anðŸ“œoverview of #Web3 servicesðŸ› developed in the #Polkadot ecosystem andðŸ”explore lawmakers' perceptions ofðŸ”‚token-based economies. 
ðŸ“–https://t.co/0e9q8t0xKI

#Dotsama $DOT #Crypto #Blockchain #Cryptocurrency https://t.co/h2NMN3BGeU","2023-01-30 16:15 +0000","82.0","16.0","0.1951219512195122","4.0","1.0","5.0","3.0","1.0","1.0","0.0","0.0","0","0","0","0","0","1","1","-","-","-","-","-","-","-","-","-","-","-","-","-","-","-","-","-","-"
"1619828842478309377","https://twitter.com/dot_alert/status/1619828842478309377","In 2ï¸âƒ£0ï¸âƒ£2ï¸âƒ£3ï¸âƒ£, our monthly quiz features a more ðŸ¤”challenging #DOT questionnaire and much ðŸ’°bigger $DOT prizes.
ðŸ§¾Take the 5 Qs on and ðŸ’ªðŸ½score an entry ticket for our ðŸŽ¡draw!
â–¶ https://t.co/9rAwldlPXa

#Polkadot #Dotsama  #Crypto #Cryptocurrency #blockchain https://t.co/eaDopXf5gv","2023-01-29 22:44 +0000","127.0","10.0","0.07874015748031496","2.0","0.0","4.0","0.0","1.0","0.0","3.0","0.0","0","0","0","0","0","0","0","-","-","-","-","-","-","-","-","-","-","-","-","-","-","-","-","-","-"
"1618911938624512000","https://twitter.com/dot_alert/status/1618911938624512000","ðŸ””Quiz timeðŸ””
ðŸŸ¢START: 27th January 2023 10:00 UTC
ðŸŸ¥END: 31st January 2023 22:00 UTC
JoinðŸ‘‰ðŸ¾https://t.co/9rAwldlPXa

#Polkadot #Dotsama #Crypto #Cryptocurrency #Blockchain $DOT https://t.co/cn3TRPtbPV","2023-01-27 10:00 +0000","659.0","49.0","0.07435508345978756","7.0","1.0","9.0","0.0","15.0","1.0","15.0","0.0","0","0","0","0","0","1","1","-","-","-","-","-","-","-","-","-","-","-","-","-","-","-","-","-","-"
"1618187995953389569","https://twitter.com/dot_alert/status/1618187995953389569","ðŸ‘‚ðŸ»Hear us out!
Dot.alert() runs aðŸ§ quiz at the end of eachðŸ“†month toðŸ’ªðŸ¿help #Cryptos users and new entrantsðŸ”#DYOR on the #Polkadot ecosystem.
If youðŸ¾follow our weekly publications, you should definitelyðŸ‘ðŸ¼give it a go!
ðŸ“‘https://t.co/9rAwldlPXa

#Dotsama #Web3 #DOT $DOT https://t.co/Yrw4iqDv6o","2023-01-25 10:04 +0000","115.0","15.0","0.13043478260869565","4.0","0.0","5.0","0.0","1.0","0.0","3.0","0.0","0","0","0","0","0","2","2","-","-","-","-","-","-","-","-","-","-","-","-","-","-","-","-","-","-"
"1617519340773072898","https://twitter.com/dot_alert/status/1617519340773072898","ðŸ“¢New publication!
We present some essentialðŸ§°tools for managing a portfolio of #PolkadotðŸ‘œassets and review their solutions from a #web3 userðŸ‘€perspective.
ðŸ”—https://t.co/ZfVFSgUca8

#Dotsama #Cryptos #Blockchain #DOT $DOT https://t.co/6QaqO7nVG8","2023-01-23 13:47 +0000","150.0","18.0","0.12","3.0","2.0","5.0","2.0","2.0","0.0","2.0","0.0","0","0","1","0","0","1","1","-","-","-","-","-","-","-","-","-","-","-","-","-","-","-","-","-","-"
"1616404170453692416","https://twitter.com/dot_alert/status/1616404170453692416","In the #Polkadot ecosystem,ðŸ‘¶budding projects and communities have numerousðŸ’¡opportunities for financing their developments whileðŸŒ¾growing their #Web3 stack.
ðŸ‘¨ðŸ½â€ðŸ«Find out more: https://t.co/w7Ad1OOTJL https://t.co/aIjpErb5eG","2023-01-20 11:56 +0000","134.0","15.0","0.11194029850746269","4.0","0.0","8.0","1.0","0.0","0.0","2.0","0.0","0","0","0","0","0","0","0","-","-","-","-","-","-","-","-","-","-","-","-","-","-","-","-","-","-"
"1615802821386928128","https://twitter.com/dot_alert/status/1615802821386928128","ðŸ‘‚ðŸ»Hear us out!
Dot.alert() specialises inðŸ‘€raising awareness about bestðŸ›¡security practices for the #PolkadotðŸŒŒecosystem. 
Whether you are looking toðŸ“¥stake,ðŸ’°earn, orðŸ“–learn $DOT, we have itâœðŸ¿written down to the T! 
ðŸ“‘https://t.co/DUre4iv96D

#Dotsama #Web3 #Cryptos #DOT https://t.co/pXA79dUpdu","2023-01-18 20:06 +0000","323.0","28.0","0.08668730650154799","11.0","2.0","12.0","0.0","0.0","0.0","3.0","0.0","0","0","0","0","0","0","0","-","-","-","-","-","-","-","-","-","-","-","-","-","-","-","-","-","-"
"1614973622615183362","https://twitter.com/dot_alert/status/1614973622615183362","ðŸ“¢New publication!
We share some insights aboutðŸ’°crowdfunding for a #DAO project in the #Polkadot ecosystem andðŸ‘©ðŸ¿â€ðŸ«explain how to select the most suitableðŸ£incubators for your #Web3 initiatives.
ðŸ‘‰ðŸ½https://t.co/w7Ad1OOTJL

#Dotsama #Cryptos #Blockchain #DOT $DOT https://t.co/1qDfUZ8r6I","2023-01-16 13:11 +0000","302.0","40.0","0.13245033112582782","10.0","4.0","14.0","5.0","4.0","0.0","3.0","0.0","0","0","0","0","0","0","0","-","-","-","-","-","-","-","-","-","-","-","-","-","-","-","-","-","-"
"1614043581043326977","https://twitter.com/dot_alert/status/1614043581043326977","#PrivacyðŸ’¡solutions developed in the #Polkadot ecosystem areðŸ“ˆgrowing to prop new use cases andðŸ‘»blend into existing #Web3 services.
ðŸ¤“Find out more: https://t.co/uNg1ndg6ZH

#Dotsama #Blockchain #Cryptos https://t.co/geGnbt9EnO","2023-01-13 23:35 +0000","88.0","15.0","0.17045454545454544","5.0","0.0","9.0","0.0","1.0","0.0","0.0","0.0","0","0","0","0","0","0","0","-","-","-","-","-","-","-","-","-","-","-","-","-","-","-","-","-","-"
"1613640836951990272","https://twitter.com/dot_alert/status/1613640836951990272","TheðŸ¾move towards decentralisation doesn't end atðŸ›„self-custody solutions. In the #Polkadot ecosystem, ðŸŽŸtoken holders can use community-friendly tools and publications toðŸ‘“review the quality of #web3 services that they use.
ðŸ“°https://t.co/h5XLw1JXKD

#Dotsama #Cryptos #DOT $DOT https://t.co/sJz1WR8jvb","2023-01-12 20:55 +0000","146.0","20.0","0.136986301369863","6.0","0.0","11.0","0.0","2.0","0.0","1.0","0.0","0","0","0","0","0","0","0","-","-","-","-","-","-","-","-","-","-","-","-","-","-","-","-","-","-"
"1612455120759054336","https://twitter.com/dot_alert/status/1612455120759054336","ðŸ“¢New publication!
We give anðŸ—£overview of cold storage devices that ðŸ’ªðŸ¿support #Polkadot assets and explain why theirðŸ“´limited functionalities might restrict users'ðŸŽŸparticipation in #Web3 activities.
ðŸ“Œhttps://t.co/0bGPHHzbwv

#Dotsama #Cryptos #DOT $DOT https://t.co/Fzv5xWS9lC","2023-01-09 14:23 +0000","619.0","37.0","0.05977382875605816","9.0","3.0","10.0","0.0","10.0","0.0","5.0","0.0","0","0","0","0","0","0","0","-","-","-","-","-","-","-","-","-","-","-","-","-","-","-","-","-","-"
"1611750608683368448","https://twitter.com/dot_alert/status/1611750608683368448","In the #Polkadot ecosystem, ðŸ”€cross-chain communication technologies empowerðŸ‘·ðŸ½â€â™€ï¸developers to build cost-effective multichainðŸ“±dapps so that network participants can securelyðŸ’±exchange a growing range ofðŸ‘›assets. 
ðŸ‘‰ðŸ½https://t.co/15nCNcm4t8

#Dotsama #Web3 #Cryptos #DOT $DOT https://t.co/3JS8KWO4cS","2023-01-07 15:44 +0000","137.0","16.0","0.11678832116788321","6.0","0.0","8.0","0.0","1.0","0.0","1.0","0.0","0","0","0","0","0","0","0","-","-","-","-","-","-","-","-","-","-","-","-","-","-","-","-","-","-"
"1610926683413938178","https://twitter.com/dot_alert/status/1610926683413938178","The #Polkadot ecosystem is not onlyðŸ”Šspearheading innovations in #Web3 technologies, but also primingðŸ¤collaboration with regulatory bodies overlooking #blockchain developments.
ðŸ§Find out more: https://t.co/Ed9EdCj2CO

#Dotsama #Cryptos #DOT $DOT https://t.co/Db4QhPnnfW","2023-01-05 09:10 +0000","246.0","9.0","0.036585365853658534","0.0","1.0","3.0","1.0","2.0","1.0","1.0","0.0","0","0","0","0","0","0","0","-","-","-","-","-","-","-","-","-","-","-","-","-","-","-","-","-","-"
"1610323007255322624","https://twitter.com/dot_alert/status/1610323007255322624","Self-custodyðŸ› solutions need to grow because they are the cornerstone ofðŸ•¸decentralised platforms and theðŸ¤³ðŸ½trustless services that they offer to token holders. 
Dot.alert() will touch onðŸ‘†ðŸ¼this topic very soon. 
âœðŸ¿https://t.co/0I2AorT6Ny

#Polkadot #Dotsama #Web3 #Cryptos $DOT https://t.co/Smtl6D8SEp https://t.co/Y7w2VgL0lR","2023-01-03 17:11 +0000","318.0","15.0","0.04716981132075472","1.0","0.0","6.0","0.0","3.0","0.0","0.0","0.0","0","0","0","0","0","5","5","-","-","-","-","-","-","-","-","-","-","-","-","-","-","-","-","-","-"
"1609506263737729025","https://twitter.com/dot_alert/status/1609506263737729025","Happy ðŸ†• year to you all!ðŸ¥³
In 2023, Dot.alert() will continue toðŸ’ªexpand its knowledgebase toðŸ¤help #Web3 users make the most of the #Polkadot ecosystem andðŸ“šeducate #Cryptos entrants aboutâ—risk management.
ðŸ¾Follow us: https://t.co/DUre4ivGWb

#Dotsama #Blockchain #DOT $DOT https://t.co/FKaSJdcT1z","2023-01-01 11:06 +0000","248.0","23.0","0.09274193548387097","6.0","2.0","12.0","3.0","0.0","0.0","0.0","0.0","0","0","0","0","0","0","0","-","-","-","-","-","-","-","-","-","-","-","-","-","-","-","-","-","-"
"1630327450822664192","https://twitter.com/dot_alert/status/1630327450822664192","âŒ›Monthly quizâŒ›
OnlyðŸ•™24 hours left to submit yourâœðŸ¿answers in our February edition and get theðŸ¤žchance to win one of ourðŸ§§cash prizes of $DOT! 
Go hereðŸ‘‰ðŸ½: https://t.co/9rAwldlPXa

#Polkadot #Dotsama #Crypto #Web3 #Blockchain #DeFi #DOT https://t.co/J7ueYBXMke","2023-02-27 22:02 +0000","66.0","6.0","0.09090909090909091","1.0","0.0","3.0","2.0","0.0","0.0","0.0","0.0","0","0","0","0","0","0","0","-","-","-","-","-","-","-","-","-","-","-","-","-","-","-","-","-","-"
"1630060677112160258","https://twitter.com/dot_alert/status/1630060677112160258","ðŸ“¢New publication!
We summarise regulatoryðŸ—£debates on DecentralisedðŸ•¸protocols VS CentralisedðŸ¦platforms.
ðŸ”—https://t.co/jF1wNXPiux

ðŸ‘Featuring: @litentry @pendulum_chain @MoonbeamNetwork @Polkadex @MangataFinance @sora_xor @AstarNetwork @AventusNetwork

#Polkadot #Web3 $Crypto https://t.co/jwKlAr0Hlv","2023-02-27 04:22 +0000","247.0","41.0","0.1659919028340081","4.0","0.0","8.0","9.0","4.0","0.0","15.0","0.0","0","0","0","0","0","1","1","-","-","-","-","-","-","-","-","-","-","-","-","-","-","-","-","-","-"
"1629784400874586112","https://twitter.com/dot_alert/status/1629784400874586112","TheðŸ“…February edition of our monthlyðŸ§ quiz is L.I.V.E. 
If youðŸ‘€followed our weekly publications on #DeFiðŸ‘·â€â™‚ï¸operations in the #Polkadot ecosystem,  you shouldðŸ’¯give it a go!
â–¶ https://t.co/9rAwldlPXa

#Dotsama #Web3 #Crypto #DOT $DOT https://t.co/hxqH39Zew8","2023-02-26 10:04 +0000","181.0","13.0","0.0718232044198895","2.0","0.0","5.0","2.0","1.0","0.0","3.0","0.0","0","0","0","0","0","0","0","-","-","-","-","-","-","-","-","-","-","-","-","-","-","-","-","-","-"
"1629059071986008066","https://twitter.com/dot_alert/status/1629059071986008066","ðŸ””Quiz timeðŸ””
ðŸŸ¢START: 24th February 2023 10:00 UTC
ðŸŸ¥END: 28th February 2023 22:00 UTC
ðŸ¤‘PRIZE POOL: $100 DOT
JoinðŸ‘‰ðŸ¾https://t.co/9rAwldlPXa

#Polkadot #Dotsama #Web3 #Crypto #Cryptocurrency #Blockchain #DeFi $DOT #DOT https://t.co/7nAfzADsrH","2023-02-24 10:02 +0000","979.0","71.0","0.07252298263534218","10.0","6.0","11.0","2.0","19.0","0.0","22.0","0.0","0","0","0","0","0","1","1","-","-","-","-","-","-","-","-","-","-","-","-","-","-","-","-","-","-"
"1628207929810907136","https://twitter.com/dot_alert/status/1628207929810907136","ðŸ‘‚Hear us out!
OurðŸ“…Monthly quiz will goðŸ“¶live within the next 36 hours. 
Keep anðŸ‘eye on our twitter feed for moreðŸ“°information about the dates, topics, andðŸ’°rewards!

#Polkadot #Dotsama #Web3 #Crypto #Blockchain #DOT $DOT https://t.co/tgQQaZ6FZ7","2023-02-22 01:39 +0000","957.0","55.0","0.05747126436781609","6.0","3.0","10.0","13.0","0.0","0.0","18.0","0.0","0","0","0","0","0","5","5","-","-","-","-","-","-","-","-","-","-","-","-","-","-","-","-","-","-"
"1627487263973318656","https://twitter.com/dot_alert/status/1627487263973318656","ðŸ“¢New publication!
WeðŸ”explore liquidation mechanisms from #DeFiðŸ—œprotocols of the #Polkadot ecosystem &amp; ðŸŽshare some tips forâ›”avoiding loan defaults.
ðŸ”—https://t.co/LRQBw5RcZL

ðŸ‘Featuring: @AcalaNetwork @MoonwellDeFi @EquilibriumDeFi @ParallelFi

#Crypto #Blockchain #Web3 $DOT https://t.co/fMEgfC2nQt","2023-02-20 01:56 +0000","680.0","43.0","0.06323529411764706","4.0","3.0","9.0","8.0","5.0","1.0","12.0","0.0","0","0","0","0","0","1","1","-","-","-","-","-","-","-","-","-","-","-","-","-","-","-","-","-","-"
"1627120417348685824","https://twitter.com/dot_alert/status/1627120417348685824","ðŸ”Swapping #crypto assets betweenðŸ•¸parachains happens without any #Web3ðŸš¥intermediaries in the #Polkadot ecosystem.
ðŸ“Œhttps://t.co/gPexWQhwYP

ðŸ‘Featuring: @kagla_fi @polkadex @AcalaNetwork @StellaSwap @ZenlinkPro @MangataFinance @yield_bay @subsquid @Polkaswap @PhalaNetwork https://t.co/hSbR44PBLU","2023-02-19 01:38 +0000","592.0","50.0","0.08445945945945946","7.0","0.0","9.0","9.0","6.0","1.0","18.0","0.0","0","0","0","0","0","0","0","-","-","-","-","-","-","-","-","-","-","-","-","-","-","-","-","-","-"
"1626781408785219585","https://twitter.com/dot_alert/status/1626781408785219585","In the #PolkadotðŸŒŒecosystem, #staking plays a central role inðŸ›¡protecting #blockhain networks against bad actors. Find out how toðŸ¤contribute to the @Polkadot Relay chain'sðŸ”’security. 
ðŸ“Œhttps://t.co/7uu5uxsG0t

ðŸ‘Featuring: @YieldScan @BifrostFinance @ParallelFi @PolkaGate https://t.co/NPGCnllaYa","2023-02-18 03:11 +0000","224.0","19.0","0.08482142857142858","4.0","0.0","8.0","1.0","0.0","0.0","6.0","0.0","0","0","0","0","0","0","0","-","-","-","-","-","-","-","-","-","-","-","-","-","-","-","-","-","-"
"1626410174985687041","https://twitter.com/dot_alert/status/1626410174985687041","Are youðŸ’¹fundraising for a #crypto project? ðŸ”Explore what the #Polkadot ecosystem has to offer. 
ðŸ“Œhttps://t.co/kwONCAsHEx

ðŸ‘Featuring: @Astarnetwork @DoraFactory @ImbueNetwork @Subdao_network @MoonbeamNetwork @Beamswapio @PolkaExOfficial @moonstarter_off @arthswap @DAOLaunch https://t.co/pfkUhkJo2B","2023-02-17 02:36 +0000","1018.0","28.0","0.0275049115913556","5.0","0.0","8.0","4.0","2.0","0.0","9.0","0.0","0","0","0","0","0","0","0","-","-","-","-","-","-","-","-","-","-","-","-","-","-","-","-","-","-"
"1626036053051314176","https://twitter.com/dot_alert/status/1626036053051314176","Being theðŸ›custodian of your #Polkadot assets gives youðŸ›£access to a range of #Web3 services. Learn how-to withðŸ¤“our #Crypto ELI5 articles!
ðŸ“Œhttps://t.co/7eo9UQgFuH
ðŸ”—https://t.co/qh0sdzKVGa

ðŸ‘Featuring: @kusamanetworkâ€™s KÎ£M @parachains @OpensquareN @GovPartRewKSM @Ryabinaio https://t.co/f2BXuQAWF9","2023-02-16 01:49 +0000","69.0","10.0","0.14492753623188406","1.0","0.0","2.0","2.0","2.0","0.0","3.0","0.0","0","0","0","0","0","0","0","-","-","-","-","-","-","-","-","-","-","-","-","-","-","-","-","-","-"
"1625659189023637504","https://twitter.com/dot_alert/status/1625659189023637504","#CryptoðŸ“‰bear markets warrant secureðŸ”storage for your #PolkadotðŸ’°assets. 
ðŸ“Œhttps://t.co/KwJXjfOpUy

ðŸ‘Featuring: @AirGap_it @coolwallet @ellipalwallet @enkrypt  @FearlessWallet  @Ledger  @NovaWalletApp @ParityTech @polkawallet @iSafePal @app_stylo @subwalletapp @wearetalisman https://t.co/ZPAT5FwvV2","2023-02-15 00:52 +0000","255.0","16.0","0.06274509803921569","4.0","0.0","3.0","2.0","0.0","0.0","6.0","0.0","0","0","0","0","0","1","1","-","-","-","-","-","-","-","-","-","-","-","-","-","-","-","-","-","-"
"1625654427989454849","https://twitter.com/dot_alert/status/1625654427989454849","@ilostmyhandlee DMs are ðŸ“­open.","2023-02-15 00:33 +0000","6.0","6.0","1.0","0.0","1.0","1.0","4.0","0.0","0.0","0.0","0.0","0","0","0","0","0","0","0","-","-","-","-","-","-","-","-","-","-","-","-","-","-","-","-","-","-"
"1625305376806809601","https://twitter.com/dot_alert/status/1625305376806809601","ðŸ†•to the #Polkadot ecosystem ofðŸ•¸Relay chains and Parachains? ðŸ§ Learn the basics of asset purchases andðŸ”transfers from us!
ðŸ“Œhttps://t.co/Fg06VdSPU8

ðŸ‘Featuring: @DotMarketCap, @TheDotScanner, @SubsocialChain's SubID, @subscan_io &amp; @WalletyOrg.

#Web3 #Crypto #Blockchain $DOT https://t.co/pTpRKlN6LT","2023-02-14 01:26 +0000","228.0","32.0","0.14035087719298245","3.0","1.0","11.0","4.0","3.0","0.0","7.0","0.0","0","0","1","0","0","2","2","-","-","-","-","-","-","-","-","-","-","-","-","-","-","-","-","-","-"
"1625045244302749696","https://twitter.com/dot_alert/status/1625045244302749696","ðŸ“¢New publication!
We give a âœbreakdown of collateralisation proceduresâ©implemented on #DeFi dapps in the #Polkadot ecosystem.
ðŸ”—https://t.co/mh26NXxHl4

ðŸ‘Featuring: @MoonwellDeFi , @starlay_fi, @ParallelFi.

#Dotsama #Crypto #Blockchain #Web3 $DOT https://t.co/7oVjtsx5D6","2023-02-13 08:12 +0000","646.0","35.0","0.05417956656346749","7.0","0.0","6.0","8.0","4.0","0.0","10.0","0.0","0","0","0","0","0","0","0","-","-","-","-","-","-","-","-","-","-","-","-","-","-","-","-","-","-"
"1624188872136564736","https://twitter.com/dot_alert/status/1624188872136564736","#CEXes often position themselves asðŸ¤facilitators for the adoption of #blockchain technologies. Meanwhile, theirðŸ‘·â€â™‚ï¸operations hinder #Web3 networks'ðŸ‘£progress towards full decentralisation. 
Dot.alert() will cover this topicðŸ”œ.
ðŸ“Œhttps://t.co/0I2AorT6Ny
 
#Polkadot #Crypto $DOT https://t.co/PXbvN2bg3j","2023-02-10 23:29 +0000","116.0","4.0","0.034482758620689655","1.0","0.0","3.0","0.0","0.0","0.0","0.0","0.0","0","0","0","0","0","0","0","-","-","-","-","-","-","-","-","-","-","-","-","-","-","-","-","-","-"
"1623278896014585856","https://twitter.com/dot_alert/status/1623278896014585856","ðŸ‘‚ðŸ»Hear us out!
Dot.alert() is aðŸ—ƒdatabase of insights andðŸ§°resources for the #Polkadot ecosystem...andðŸ›£beyond.
If you areðŸ¤“interested in the basics of #BlockchainðŸ—œtechnologies and #CryptoðŸ‘¨â€âš–ï¸regulations, take aðŸ”tour of our platform!
ðŸ“‘https://t.co/DUre4iv96D

#Dotsama $DOT #Web3 https://t.co/Nh6U7IJyJ9","2023-02-08 11:13 +0000","421.0","23.0","0.05463182897862233","4.0","0.0","10.0","0.0","4.0","1.0","2.0","0.0","0","0","0","0","0","2","2","-","-","-","-","-","-","-","-","-","-","-","-","-","-","-","-","-","-"
"1622569971556524032","https://twitter.com/dot_alert/status/1622569971556524032","ðŸ“¢New publication!
WeðŸ—žsummarise the role ofðŸ’¹Initial DEX Offerings (IDOs) in the #PolkadotðŸŒŒecosystem and share someðŸ›¡safety tips for DEX-based #crowdfunding ðŸ“¶operations. 
ðŸ”—https://t.co/JFxM7tI9Xb

#Dotsama #Web3 #Crypto #Blockchain $DOT #DOT https://t.co/lGQdAvAiOB","2023-02-06 12:16 +0000","246.0","26.0","0.10569105691056911","6.0","0.0","9.0","3.0","4.0","1.0","2.0","0.0","0","0","0","0","0","1","1","-","-","-","-","-","-","-","-","-","-","-","-","-","-","-","-","-","-"
"1621572206495932418","https://twitter.com/dot_alert/status/1621572206495932418","ðŸ¥³Congratulations to our monthly quizðŸ…winners!
1ï¸âƒ£st prize of ðŸ’°50 DOT: 12R...j8Z
2ï¸âƒ£nd prize of ðŸ’°30 DOT: 13k...Lzy
3ï¸âƒ£rd prize of ðŸ’°20 DOT: 14D...4r9
ðŸ‘€See you at the end of February for theðŸ§¾next edition!

#Polkadot #Dotsama #Crypto #Blockchain $DOT #DOT https://t.co/EsGqkHB2ig","2023-02-03 18:11 +0000","166.0","8.0","0.04819277108433735","4.0","0.0","1.0","1.0","0.0","0.0","0.0","0.0","0","0","0","0","0","2","2","-","-","-","-","-","-","-","-","-","-","-","-","-","-","-","-","-","-"
"1620790390260645888","https://twitter.com/dot_alert/status/1620790390260645888","ðŸ‘‚ðŸ»Hear us out!
Dot.alert() publishesðŸ—žELI5 articles to help users manage theirðŸ’°assets safely in the #Polkadot ecosystem.
If you find these #Web3ðŸ› technologies confusing, hop onto our platform toðŸ¤“DYOR!
ðŸ“‘https://t.co/DUre4ivGWb

#Dotsama #Crypto #Blockchain $DOT https://t.co/ayshrdNkoR","2023-02-01 14:25 +0000","183.0","23.0","0.12568306010928962","6.0","1.0","5.0","3.0","1.0","0.0","6.0","0.0","0","0","1","0","0","0","0","-","-","-","-","-","-","-","-","-","-","-","-","-","-","-","-","-","-"
"1635942995181867008","https://twitter.com/dot_alert/status/1635942995181867008","On-chainðŸ—³ #governance is a key driver ofðŸ•¸decentralisation and adoption in the #Polkadot ecosystem. Read on toðŸ‘€discover how Polkassembly facilitatesðŸ¤ðŸ¿decision-making operations across various #Web3â›“networks. 
ðŸ“Œhttps://t.co/EE4lWbQ0El

ðŸ‘Featuring: @polk_gov @polkassembly https://t.co/idXrexEIhu","2023-03-15 09:56 +0000","125.0","18.0","0.144","4.0","1.0","8.0","0.0","1.0","0.0","4.0","0.0","0","0","0","0","0","0","0","-","-","-","-","-","-","-","-","-","-","-","-","-","-","-","-","-","-"
"1635824790543171584","https://twitter.com/dot_alert/status/1635824790543171584","ðŸ¤ðŸ»Help us get better atðŸ›¡making #Web3 safer!
We areðŸ‘€seeking feedback on our website, content, andðŸ“…monthly quizzes from the #Polkadot and #Crypto community.  5 entries with the bestðŸ’¡insights orðŸ’¬suggestions for improvement willðŸ‘›earn a $20 DOT bounty.

ðŸ“Œhttps://t.co/kGWiY037tK https://t.co/xS9ngusg8c","2023-03-15 02:06 +0000","792.0","50.0","0.06313131313131314","5.0","1.0","6.0","6.0","10.0","1.0","18.0","0.0","0","0","0","0","0","3","3","-","-","-","-","-","-","-","-","-","-","-","-","-","-","-","-","-","-"
"1635573699448545280","https://twitter.com/dot_alert/status/1635573699448545280","ðŸ¤”#DYOR on projects in the #Polkadot ecosystem â–¶starts with digging into their Docs and #GitHub.  LearnâœðŸ¿how-to with our #Crypto ELI5 articles!
ðŸ“Œhttps://t.co/dUYAF0iCxE
ðŸ”—https://t.co/oh20y6Nfc1

ðŸ‘Featuring: @efinityio @InterlayHQ @AcalaNetwork @AIRA_Robonomics @centrifuge https://t.co/nxgjRTivaE","2023-03-14 09:28 +0000","323.0","22.0","0.06811145510835913","4.0","0.0","5.0","3.0","6.0","0.0","4.0","0.0","0","0","0","0","0","0","0","-","-","-","-","-","-","-","-","-","-","-","-","-","-","-","-","-","-"
"1635100721870946304","https://twitter.com/dot_alert/status/1635100721870946304","ðŸ“¢New publication!
Weâœexplain how to safelyðŸš£ðŸ¿â€â™‚ï¸navigate #Discord servers in relation to #PolkadotðŸŒŒecosystem projects.
ðŸ”—https://t.co/XJvI04AHzq

ðŸ‘Featuring: 
@Polkadot @kusamanetwork 

#Web3 #Crypto #Blockchain $DOT https://t.co/jteAABhLoQ","2023-03-13 02:09 +0000","230.0","24.0","0.10434782608695652","4.0","2.0","9.0","3.0","4.0","0.0","2.0","0.0","0","0","0","0","0","0","0","-","-","-","-","-","-","-","-","-","-","-","-","-","-","-","-","-","-"
"1634410683684261889","https://twitter.com/dot_alert/status/1634410683684261889","ðŸŽ¯Rightly so. 
And forðŸ¤“those who want anðŸ§ in-depth presentation on the coreðŸª“differences between centralisedðŸ–¥platforms and decentralisedâ›“protocols, we are currently rolling out aðŸ—žshort series on the topic.
ðŸ‘‰ðŸ¿https://t.co/0I2AorTED6

#Polkadot #Web3 #Blockchain #Cryptos $DOT https://t.co/lMxzMbsI4o","2023-03-11 04:27 +0000","293.0","13.0","0.04436860068259386","2.0","1.0","6.0","2.0","0.0","0.0","2.0","0.0","0","0","0","0","0","0","0","-","-","-","-","-","-","-","-","-","-","-","-","-","-","-","-","-","-"
"1634027642138800128","https://twitter.com/dot_alert/status/1634027642138800128","ðŸ‘‚ðŸ¾Hear us out!
Dot.alert() referencesðŸŽ“official, treasury-funded, and community-madeðŸ’¡content for the #Polkadot ecosystem.
If you run a project thatðŸ’ªðŸ»helps #DOT users DYOR, ðŸ’¬let us know!
ðŸ“‘https://t.co/TvXWh9NYVA

#Dotsama #Crypto #Web3 #Blockchain  $DOT https://t.co/WtYssrEfxx","2023-03-10 03:05 +0000","271.0","33.0","0.12177121771217712","7.0","1.0","9.0","4.0","3.0","0.0","9.0","0.0","0","0","0","0","0","0","0","-","-","-","-","-","-","-","-","-","-","-","-","-","-","-","-","-","-"
"1633287813067337729","https://twitter.com/dot_alert/status/1633287813067337729","ðŸ’¯Indeed! 
For those who areðŸ˜²lost in the plot, we have summarised some of the mostðŸ™ŒðŸ¿popular fundraising avenues from the #Polkadot ecosystem in aðŸ“œseries of articles.
ðŸ“Œhttps://t.co/kwONCAsHEx

#Web3 #Blockchain #Crypto $DOT https://t.co/vqeGtNotaw","2023-03-08 02:05 +0000","187.0","24.0","0.12834224598930483","1.0","2.0","7.0","1.0","3.0","0.0","10.0","0.0","0","0","0","0","0","0","0","-","-","-","-","-","-","-","-","-","-","-","-","-","-","-","-","-","-"
"1632737272172003328","https://twitter.com/dot_alert/status/1632737272172003328","We are gathering ðŸ—£users' feedback toðŸ“ˆimprove our platform. The best 5ï¸âƒ£ submissions will be awarded a bounty ofðŸ’°20 DOT each.
ðŸ“Œhttps://t.co/kGWiY037tK
Let's makeðŸ•¸Web3 safer, together!

#Polkadot #Dotsama #Web3 #Crypto $DOT https://t.co/vnS1wNV2mh","2023-03-06 13:37 +0000","421.0","93.0","0.2209026128266033","9.0","6.0","10.0","3.0","26.0","1.0","36.0","0.0","0","0","0","0","0","2","2","-","-","-","-","-","-","-","-","-","-","-","-","-","-","-","-","-","-"
"1632549629031256065","https://twitter.com/dot_alert/status/1632549629031256065","ðŸ“¢New publication!
We give an overview ofâ›‘recovery options available for1ï¸âƒ£standard andðŸ”¢multisig accounts in the #Polkadot ecosystem.
ðŸ”—https://t.co/6tJGAYHH6V

ðŸ‘Featuring: 
@polkawallet @paritytechâ€™s Banana split @ChainSafethâ€™s Multix @logion_network

#Web3 #Crypto $DOT https://t.co/fsKVTwtINn","2023-03-06 01:12 +0000","315.0","35.0","0.1111111111111111","7.0","0.0","6.0","4.0","4.0","0.0","13.0","0.0","0","0","0","0","0","1","1","-","-","-","-","-","-","-","-","-","-","-","-","-","-","-","-","-","-"
"1631861571357126656","https://twitter.com/dot_alert/status/1631861571357126656","ðŸ‘‚Hear us out!
Dot.alert() runs quarterlyðŸŽ™user surveys as part of itsðŸ§Quality Assurance operations. 
If you areðŸ’ªðŸ½keen to get involved, watch ourðŸ“³twitter feed for more â„¹nformation!
ðŸ“‘https://t.co/ALCrFuGgIy

#Polkadot #Dotsama #Cryptos #Web3 #Blockchain  $DOT https://t.co/9EE737ACSh","2023-03-04 03:38 +0000","184.0","24.0","0.13043478260869565","4.0","2.0","7.0","1.0","5.0","0.0","5.0","0.0","0","0","0","0","0","0","0","-","-","-","-","-","-","-","-","-","-","-","-","-","-","-","-","-","-"
"1631111104633139200","https://twitter.com/dot_alert/status/1631111104633139200","ðŸ¥³Congratulations to our monthly quizðŸ…winners!
1ï¸âƒ£ 144...nRu
2ï¸âƒ£ 161...iW5
3ï¸âƒ£ 13h...gqE
4ï¸âƒ£ 13k...Lzy
5ï¸âƒ£ 16a...iFV
ðŸ‘€See you all at the end of March for theðŸ§¾next edition!

#Polkadot #Dotsama #Web3 #Crypto #Blockchain $DOT #DOT https://t.co/V69mcjYt1A","2023-03-02 01:56 +0000","194.0","28.0","0.14432989690721648","4.0","4.0","6.0","1.0","0.0","1.0","10.0","0.0","0","0","0","0","0","2","2","-","-","-","-","-","-","-","-","-","-","-","-","-","-","-","-","-","-"